Stazione,Calamazza,,,,,,,,,,,,,,
Codice,TOS03001246,,,,,,,,,,,,,,
Comune,Aulla,,,,,,,,,,,,,,
Provincia,MS,,,,,,,,,,,,,,
GB [m],E,1576004,N,4894334,,,,,,,,,,,
WGS84 [Â°],Lat,44.198,Lon,9.951,,,,,,,,,,,
Quota [m],53,0,,,,,,,,,,,,,
,,,,,,,,,,,,,,,
,,,ATTENZIONE,i,dati,sono,nel,fomato,csv,ed,utilizzano,,,,
,,,come,separatore,di,colonna,il,punto e virgola,e,,,,,,
,,,come,separatore,decimale,la,virgola,,,,,,,,
,,,verificare,le,proprie,impostazioni,internazionali,per,una,corretta,visulizzazione.,,,,
,,,Il,valore,-9999,corrisponde,a,dato,mancante,,,,,,
,,,Il,valore,contrassegnato,con,@,corrisponde,al,dato,mancante,,,,
,,,Il,valore,contrassegnato,con,V,corrisponde,al,dato,validato,,,,
,,,Il,valore,contrassegnato,con,P,corrisponde,al,dato,prevalidato,soggetto,ad,eventuali,modifiche
,,,(consultare,la,sezione,Criteri,di,validazione),,,,,,,
,,,,,,,,,,,,,,,
gg/mm/aaaa,Portata [mc/s],Tipo Dato,,,,,,,,,,,,,
01/01/2013,,@,,,,,,,,,,,,,
02/01/2013,,@,,,,,,,,,,,,,
03/01/2013,,@,,,,,,,,,,,,,
04/01/2013,,@,,,,,,,,,,,,,
05/01/2013,,@,,,,,,,,,,,,,
06/01/2013,,@,,,,,,,,,,,,,
07/01/2013,,@,,,,,,,,,,,,,
08/01/2013,,@,,,,,,,,,,,,,
09/01/2013,,@,,,,,,,,,,,,,
10/01/2013,,@,,,,,,,,,,,,,
11/01/2013,,@,,,,,,,,,,,,,
12/01/2013,,@,,,,,,,,,,,,,
13/01/2013,,@,,,,,,,,,,,,,
14/01/2013,,@,,,,,,,,,,,,,
15/01/2013,,@,,,,,,,,,,,,,
16/01/2013,,@,,,,,,,,,,,,,
17/01/2013,,@,,,,,,,,,,,,,
18/01/2013,,@,,,,,,,,,,,,,
19/01/2013,,@,,,,,,,,,,,,,
20/01/2013,,@,,,,,,,,,,,,,
21/01/2013,,@,,,,,,,,,,,,,
22/01/2013,,@,,,,,,,,,,,,,
23/01/2013,,@,,,,,,,,,,,,,
24/01/2013,,@,,,,,,,,,,,,,
25/01/2013,,@,,,,,,,,,,,,,
26/01/2013,,@,,,,,,,,,,,,,
27/01/2013,,@,,,,,,,,,,,,,
28/01/2013,,@,,,,,,,,,,,,,
29/01/2013,,@,,,,,,,,,,,,,
30/01/2013,,@,,,,,,,,,,,,,
31/01/2013,,@,,,,,,,,,,,,,
01/02/2013,,@,,,,,,,,,,,,,
02/02/2013,,@,,,,,,,,,,,,,
03/02/2013,,@,,,,,,,,,,,,,
04/02/2013,,@,,,,,,,,,,,,,
05/02/2013,,@,,,,,,,,,,,,,
06/02/2013,,@,,,,,,,,,,,,,
07/02/2013,,@,,,,,,,,,,,,,
08/02/2013,,@,,,,,,,,,,,,,
09/02/2013,,@,,,,,,,,,,,,,
10/02/2013,,@,,,,,,,,,,,,,
11/02/2013,,@,,,,,,,,,,,,,
12/02/2013,,@,,,,,,,,,,,,,
13/02/2013,,@,,,,,,,,,,,,,
14/02/2013,,@,,,,,,,,,,,,,
15/02/2013,,@,,,,,,,,,,,,,
16/02/2013,,@,,,,,,,,,,,,,
17/02/2013,,@,,,,,,,,,,,,,
18/02/2013,,@,,,,,,,,,,,,,
19/02/2013,,@,,,,,,,,,,,,,
20/02/2013,,@,,,,,,,,,,,,,
21/02/2013,,@,,,,,,,,,,,,,
22/02/2013,,@,,,,,,,,,,,,,
23/02/2013,,@,,,,,,,,,,,,,
24/02/2013,,@,,,,,,,,,,,,,
25/02/2013,,@,,,,,,,,,,,,,
26/02/2013,,@,,,,,,,,,,,,,
27/02/2013,,@,,,,,,,,,,,,,
28/02/2013,,@,,,,,,,,,,,,,
01/03/2013,,@,,,,,,,,,,,,,
02/03/2013,,@,,,,,,,,,,,,,
03/03/2013,,@,,,,,,,,,,,,,
04/03/2013,,@,,,,,,,,,,,,,
05/03/2013,,@,,,,,,,,,,,,,
06/03/2013,,@,,,,,,,,,,,,,
07/03/2013,,@,,,,,,,,,,,,,
08/03/2013,,@,,,,,,,,,,,,,
09/03/2013,,@,,,,,,,,,,,,,
10/03/2013,,@,,,,,,,,,,,,,
11/03/2013,,@,,,,,,,,,,,,,
12/03/2013,,@,,,,,,,,,,,,,
13/03/2013,,@,,,,,,,,,,,,,
14/03/2013,,@,,,,,,,,,,,,,
15/03/2013,,@,,,,,,,,,,,,,
16/03/2013,,@,,,,,,,,,,,,,
17/03/2013,,@,,,,,,,,,,,,,
18/03/2013,,@,,,,,,,,,,,,,
19/03/2013,,@,,,,,,,,,,,,,
20/03/2013,,@,,,,,,,,,,,,,
21/03/2013,,@,,,,,,,,,,,,,
22/03/2013,,@,,,,,,,,,,,,,
23/03/2013,,@,,,,,,,,,,,,,
24/03/2013,,@,,,,,,,,,,,,,
25/03/2013,,@,,,,,,,,,,,,,
26/03/2013,,@,,,,,,,,,,,,,
27/03/2013,,@,,,,,,,,,,,,,
28/03/2013,,@,,,,,,,,,,,,,
29/03/2013,,@,,,,,,,,,,,,,
30/03/2013,,@,,,,,,,,,,,,,
31/03/2013,,@,,,,,,,,,,,,,
01/04/2013,,@,,,,,,,,,,,,,
02/04/2013,,@,,,,,,,,,,,,,
03/04/2013,,@,,,,,,,,,,,,,
04/04/2013,,@,,,,,,,,,,,,,
05/04/2013,,@,,,,,,,,,,,,,
06/04/2013,,@,,,,,,,,,,,,,
07/04/2013,,@,,,,,,,,,,,,,
08/04/2013,,@,,,,,,,,,,,,,
09/04/2013,,@,,,,,,,,,,,,,
10/04/2013,,@,,,,,,,,,,,,,
11/04/2013,,@,,,,,,,,,,,,,
12/04/2013,,@,,,,,,,,,,,,,
13/04/2013,,@,,,,,,,,,,,,,
14/04/2013,,@,,,,,,,,,,,,,
15/04/2013,,@,,,,,,,,,,,,,
16/04/2013,,@,,,,,,,,,,,,,
17/04/2013,,@,,,,,,,,,,,,,
18/04/2013,,@,,,,,,,,,,,,,
19/04/2013,,@,,,,,,,,,,,,,
20/04/2013,,@,,,,,,,,,,,,,
21/04/2013,,@,,,,,,,,,,,,,
22/04/2013,,@,,,,,,,,,,,,,
23/04/2013,,@,,,,,,,,,,,,,
24/04/2013,,@,,,,,,,,,,,,,
25/04/2013,,@,,,,,,,,,,,,,
26/04/2013,,@,,,,,,,,,,,,,
27/04/2013,,@,,,,,,,,,,,,,
28/04/2013,,@,,,,,,,,,,,,,
29/04/2013,,@,,,,,,,,,,,,,
30/04/2013,,@,,,,,,,,,,,,,
01/05/2013,,@,,,,,,,,,,,,,
02/05/2013,,@,,,,,,,,,,,,,
03/05/2013,,@,,,,,,,,,,,,,
04/05/2013,,@,,,,,,,,,,,,,
05/05/2013,,@,,,,,,,,,,,,,
06/05/2013,,@,,,,,,,,,,,,,
07/05/2013,,@,,,,,,,,,,,,,
08/05/2013,,@,,,,,,,,,,,,,
09/05/2013,,@,,,,,,,,,,,,,
10/05/2013,,@,,,,,,,,,,,,,
11/05/2013,,@,,,,,,,,,,,,,
12/05/2013,,@,,,,,,,,,,,,,
13/05/2013,,@,,,,,,,,,,,,,
14/05/2013,,@,,,,,,,,,,,,,
15/05/2013,,@,,,,,,,,,,,,,
16/05/2013,,@,,,,,,,,,,,,,
17/05/2013,,@,,,,,,,,,,,,,
18/05/2013,,@,,,,,,,,,,,,,
19/05/2013,,@,,,,,,,,,,,,,
20/05/2013,,@,,,,,,,,,,,,,
21/05/2013,,@,,,,,,,,,,,,,
22/05/2013,,@,,,,,,,,,,,,,
23/05/2013,,@,,,,,,,,,,,,,
24/05/2013,,@,,,,,,,,,,,,,
25/05/2013,,@,,,,,,,,,,,,,
26/05/2013,,@,,,,,,,,,,,,,
27/05/2013,,@,,,,,,,,,,,,,
28/05/2013,,@,,,,,,,,,,,,,
29/05/2013,,@,,,,,,,,,,,,,
30/05/2013,,@,,,,,,,,,,,,,
31/05/2013,,@,,,,,,,,,,,,,
01/06/2013,,@,,,,,,,,,,,,,
02/06/2013,,@,,,,,,,,,,,,,
03/06/2013,,@,,,,,,,,,,,,,
04/06/2013,,@,,,,,,,,,,,,,
05/06/2013,,@,,,,,,,,,,,,,
06/06/2013,,@,,,,,,,,,,,,,
07/06/2013,,@,,,,,,,,,,,,,
08/06/2013,,@,,,,,,,,,,,,,
09/06/2013,,@,,,,,,,,,,,,,
10/06/2013,,@,,,,,,,,,,,,,
11/06/2013,,@,,,,,,,,,,,,,
12/06/2013,,@,,,,,,,,,,,,,
13/06/2013,,@,,,,,,,,,,,,,
14/06/2013,,@,,,,,,,,,,,,,
15/06/2013,,@,,,,,,,,,,,,,
16/06/2013,,@,,,,,,,,,,,,,
17/06/2013,,@,,,,,,,,,,,,,
18/06/2013,,@,,,,,,,,,,,,,
19/06/2013,,@,,,,,,,,,,,,,
20/06/2013,,@,,,,,,,,,,,,,
21/06/2013,,@,,,,,,,,,,,,,
22/06/2013,,@,,,,,,,,,,,,,
23/06/2013,,@,,,,,,,,,,,,,
24/06/2013,,@,,,,,,,,,,,,,
25/06/2013,,@,,,,,,,,,,,,,
26/06/2013,,@,,,,,,,,,,,,,
27/06/2013,,@,,,,,,,,,,,,,
28/06/2013,,@,,,,,,,,,,,,,
29/06/2013,,@,,,,,,,,,,,,,
30/06/2013,,@,,,,,,,,,,,,,
01/07/2013,,@,,,,,,,,,,,,,
02/07/2013,,@,,,,,,,,,,,,,
03/07/2013,,@,,,,,,,,,,,,,
04/07/2013,,@,,,,,,,,,,,,,
05/07/2013,,@,,,,,,,,,,,,,
06/07/2013,,@,,,,,,,,,,,,,
07/07/2013,,@,,,,,,,,,,,,,
08/07/2013,,@,,,,,,,,,,,,,
09/07/2013,,@,,,,,,,,,,,,,
10/07/2013,,@,,,,,,,,,,,,,
11/07/2013,,@,,,,,,,,,,,,,
12/07/2013,,@,,,,,,,,,,,,,
13/07/2013,,@,,,,,,,,,,,,,
14/07/2013,,@,,,,,,,,,,,,,
15/07/2013,,@,,,,,,,,,,,,,
16/07/2013,,@,,,,,,,,,,,,,
17/07/2013,,@,,,,,,,,,,,,,
18/07/2013,,@,,,,,,,,,,,,,
19/07/2013,,@,,,,,,,,,,,,,
20/07/2013,,@,,,,,,,,,,,,,
21/07/2013,,@,,,,,,,,,,,,,
22/07/2013,,@,,,,,,,,,,,,,
23/07/2013,,@,,,,,,,,,,,,,
24/07/2013,,@,,,,,,,,,,,,,
25/07/2013,,@,,,,,,,,,,,,,
26/07/2013,,@,,,,,,,,,,,,,
27/07/2013,,@,,,,,,,,,,,,,
28/07/2013,,@,,,,,,,,,,,,,
29/07/2013,,@,,,,,,,,,,,,,
30/07/2013,,@,,,,,,,,,,,,,
31/07/2013,,@,,,,,,,,,,,,,
01/08/2013,,@,,,,,,,,,,,,,
02/08/2013,,@,,,,,,,,,,,,,
03/08/2013,,@,,,,,,,,,,,,,
04/08/2013,,@,,,,,,,,,,,,,
05/08/2013,,@,,,,,,,,,,,,,
06/08/2013,,@,,,,,,,,,,,,,
07/08/2013,,@,,,,,,,,,,,,,
08/08/2013,,@,,,,,,,,,,,,,
09/08/2013,,@,,,,,,,,,,,,,
10/08/2013,,@,,,,,,,,,,,,,
11/08/2013,,@,,,,,,,,,,,,,
12/08/2013,,@,,,,,,,,,,,,,
13/08/2013,,@,,,,,,,,,,,,,
14/08/2013,,@,,,,,,,,,,,,,
15/08/2013,,@,,,,,,,,,,,,,
16/08/2013,,@,,,,,,,,,,,,,
17/08/2013,,@,,,,,,,,,,,,,
18/08/2013,,@,,,,,,,,,,,,,
19/08/2013,,@,,,,,,,,,,,,,
20/08/2013,,@,,,,,,,,,,,,,
21/08/2013,,@,,,,,,,,,,,,,
22/08/2013,,@,,,,,,,,,,,,,
23/08/2013,,@,,,,,,,,,,,,,
24/08/2013,,@,,,,,,,,,,,,,
25/08/2013,,@,,,,,,,,,,,,,
26/08/2013,,@,,,,,,,,,,,,,
27/08/2013,,@,,,,,,,,,,,,,
28/08/2013,,@,,,,,,,,,,,,,
29/08/2013,,@,,,,,,,,,,,,,
30/08/2013,,@,,,,,,,,,,,,,
31/08/2013,,@,,,,,,,,,,,,,
01/09/2013,,@,,,,,,,,,,,,,
02/09/2013,,@,,,,,,,,,,,,,
03/09/2013,,@,,,,,,,,,,,,,
04/09/2013,,@,,,,,,,,,,,,,
05/09/2013,,@,,,,,,,,,,,,,
06/09/2013,,@,,,,,,,,,,,,,
07/09/2013,,@,,,,,,,,,,,,,
08/09/2013,,@,,,,,,,,,,,,,
09/09/2013,,@,,,,,,,,,,,,,
10/09/2013,,@,,,,,,,,,,,,,
11/09/2013,,@,,,,,,,,,,,,,
12/09/2013,,@,,,,,,,,,,,,,
13/09/2013,,@,,,,,,,,,,,,,
14/09/2013,,@,,,,,,,,,,,,,
15/09/2013,,@,,,,,,,,,,,,,
16/09/2013,,@,,,,,,,,,,,,,
17/09/2013,,@,,,,,,,,,,,,,
18/09/2013,,@,,,,,,,,,,,,,
19/09/2013,,@,,,,,,,,,,,,,
20/09/2013,,@,,,,,,,,,,,,,
21/09/2013,,@,,,,,,,,,,,,,
22/09/2013,,@,,,,,,,,,,,,,
23/09/2013,,@,,,,,,,,,,,,,
24/09/2013,,@,,,,,,,,,,,,,
25/09/2013,,@,,,,,,,,,,,,,
26/09/2013,,@,,,,,,,,,,,,,
27/09/2013,,@,,,,,,,,,,,,,
28/09/2013,,@,,,,,,,,,,,,,
29/09/2013,,@,,,,,,,,,,,,,
30/09/2013,,@,,,,,,,,,,,,,
01/10/2013,,@,,,,,,,,,,,,,
02/10/2013,,@,,,,,,,,,,,,,
03/10/2013,,@,,,,,,,,,,,,,
04/10/2013,,@,,,,,,,,,,,,,
05/10/2013,,@,,,,,,,,,,,,,
06/10/2013,,@,,,,,,,,,,,,,
07/10/2013,,@,,,,,,,,,,,,,
08/10/2013,,@,,,,,,,,,,,,,
09/10/2013,,@,,,,,,,,,,,,,
10/10/2013,,@,,,,,,,,,,,,,
11/10/2013,,@,,,,,,,,,,,,,
12/10/2013,,@,,,,,,,,,,,,,
13/10/2013,,@,,,,,,,,,,,,,
14/10/2013,,@,,,,,,,,,,,,,
15/10/2013,,@,,,,,,,,,,,,,
16/10/2013,,@,,,,,,,,,,,,,
17/10/2013,,@,,,,,,,,,,,,,
18/10/2013,,@,,,,,,,,,,,,,
19/10/2013,,@,,,,,,,,,,,,,
20/10/2013,,@,,,,,,,,,,,,,
21/10/2013,,@,,,,,,,,,,,,,
22/10/2013,,@,,,,,,,,,,,,,
23/10/2013,,@,,,,,,,,,,,,,
24/10/2013,,@,,,,,,,,,,,,,
25/10/2013,,@,,,,,,,,,,,,,
26/10/2013,,@,,,,,,,,,,,,,
27/10/2013,,@,,,,,,,,,,,,,
28/10/2013,,@,,,,,,,,,,,,,
29/10/2013,,@,,,,,,,,,,,,,
30/10/2013,,@,,,,,,,,,,,,,
31/10/2013,32,809,P,,,,,,,,,,,,
01/11/2013,27,384,P,,,,,,,,,,,,
02/11/2013,25,730,P,,,,,,,,,,,,
03/11/2013,108,272,P,,,,,,,,,,,,
04/11/2013,110,886,P,,,,,,,,,,,,
05/11/2013,151,710,P,,,,,,,,,,,,
06/11/2013,75,510,P,,,,,,,,,,,,
07/11/2013,49,264,P,,,,,,,,,,,,
08/11/2013,38,861,P,,,,,,,,,,,,
09/11/2013,73,398,P,,,,,,,,,,,,
10/11/2013,51,716,P,,,,,,,,,,,,
11/11/2013,42,819,P,,,,,,,,,,,,
12/11/2013,35,105,P,,,,,,,,,,,,
13/11/2013,31,646,P,,,,,,,,,,,,
14/11/2013,29,269,P,,,,,,,,,,,,
15/11/2013,29,589,P,,,,,,,,,,,,
16/11/2013,26,666,P,,,,,,,,,,,,
17/11/2013,24,832,P,,,,,,,,,,,,
18/11/2013,24,530,P,,,,,,,,,,,,
19/11/2013,23,934,P,,,,,,,,,,,,
20/11/2013,31,540,P,,,,,,,,,,,,
21/11/2013,79,342,P,,,,,,,,,,,,
22/11/2013,88,629,P,,,,,,,,,,,,
23/11/2013,57,90,P,,,,,,,,,,,,
24/11/2013,49,455,P,,,,,,,,,,,,
25/11/2013,41,644,P,,,,,,,,,,,,
26/11/2013,35,945,P,,,,,,,,,,,,
27/11/2013,32,360,P,,,,,,,,,,,,
28/11/2013,29,553,P,,,,,,,,,,,,
29/11/2013,29,248,P,,,,,,,,,,,,
30/11/2013,27,949,P,,,,,,,,,,,,
01/12/2013,24,975,P,,,,,,,,,,,,
02/12/2013,23,951,P,,,,,,,,,,,,
03/12/2013,23,249,P,,,,,,,,,,,,
04/12/2013,23,383,P,,,,,,,,,,,,
05/12/2013,22,336,P,,,,,,,,,,,,
06/12/2013,21,288,P,,,,,,,,,,,,
07/12/2013,20,890,P,,,,,,,,,,,,
08/12/2013,20,360,P,,,,,,,,,,,,
09/12/2013,19,128,P,,,,,,,,,,,,
10/12/2013,16,961,P,,,,,,,,,,,,
11/12/2013,16,619,P,,,,,,,,,,,,
12/12/2013,15,484,P,,,,,,,,,,,,
13/12/2013,16,283,P,,,,,,,,,,,,
14/12/2013,15,799,P,,,,,,,,,,,,
15/12/2013,14,975,P,,,,,,,,,,,,
16/12/2013,14,766,P,,,,,,,,,,,,
17/12/2013,14,843,P,,,,,,,,,,,,
18/12/2013,15,176,P,,,,,,,,,,,,
19/12/2013,14,413,P,,,,,,,,,,,,
20/12/2013,15,635,P,,,,,,,,,,,,
21/12/2013,25,290,P,,,,,,,,,,,,
22/12/2013,64,245,P,,,,,,,,,,,,
23/12/2013,55,933,P,,,,,,,,,,,,
24/12/2013,53,105,P,,,,,,,,,,,,
25/12/2013,227,616,P,,,,,,,,,,,,
26/12/2013,647,26,P,,,,,,,,,,,,
27/12/2013,220,673,P,,,,,,,,,,,,
28/12/2013,123,593,P,,,,,,,,,,,,
29/12/2013,161,462,P,,,,,,,,,,,,
30/12/2013,104,784,P,,,,,,,,,,,,
31/12/2013,79,892,P,,,,,,,,,,,,
01/01/2014,64,584,,,,,,,,,,,,,
02/01/2014,76,46,P,,,,,,,,,,,,
03/01/2014,112,209,P,,,,,,,,,,,,
04/01/2014,392,300,P,,,,,,,,,,,,
05/01/2014,503,107,P,,,,,,,,,,,,
06/01/2014,202,684,P,,,,,,,,,,,,
07/01/2014,127,406,P,,,,,,,,,,,,
08/01/2014,96,536,P,,,,,,,,,,,,
09/01/2014,80,279,P,,,,,,,,,,,,
10/01/2014,68,71,P,,,,,,,,,,,,
11/01/2014,59,292,P,,,,,,,,,,,,
12/01/2014,52,349,P,,,,,,,,,,,,
13/01/2014,51,789,P,,,,,,,,,,,,
14/01/2014,269,141,P,,,,,,,,,,,,
15/01/2014,132,470,P,,,,,,,,,,,,
16/01/2014,94,623,P,,,,,,,,,,,,
17/01/2014,500,656,P,,,,,,,,,,,,
18/01/2014,,@,,,,,,,,,,,,,
19/01/2014,531,414,,,,,,,,,,,,,
20/01/2014,346,842,P,,,,,,,,,,,,
21/01/2014,168,886,P,,,,,,,,,,,,
22/01/2014,123,443,P,,,,,,,,,,,,
23/01/2014,101,48,P,,,,,,,,,,,,
24/01/2014,84,445,P,,,,,,,,,,,,
25/01/2014,72,121,P,,,,,,,,,,,,
26/01/2014,66,471,P,,,,,,,,,,,,
27/01/2014,58,769,P,,,,,,,,,,,,
28/01/2014,54,493,P,,,,,,,,,,,,
29/01/2014,46,203,P,,,,,,,,,,,,
30/01/2014,,@,,,,,,,,,,,,,
31/01/2014,268,947,P,,,,,,,,,,,,
01/02/2014,124,77,P,,,,,,,,,,,,
02/02/2014,101,510,P,,,,,,,,,,,,
03/02/2014,69,102,P,,,,,,,,,,,,
04/02/2014,64,235,P,,,,,,,,,,,,
05/02/2014,78,677,P,,,,,,,,,,,,
06/02/2014,155,450,P,,,,,,,,,,,,
07/02/2014,146,940,P,,,,,,,,,,,,
08/02/2014,173,93,P,,,,,,,,,,,,
09/02/2014,371,727,P,,,,,,,,,,,,
10/02/2014,232,927,P,,,,,,,,,,,,
11/02/2014,160,823,P,,,,,,,,,,,,
12/02/2014,73,659,P,,,,,,,,,,,,
13/02/2014,63,114,P,,,,,,,,,,,,
14/02/2014,96,895,P,,,,,,,,,,,,
15/02/2014,88,735,P,,,,,,,,,,,,
16/02/2014,85,607,P,,,,,,,,,,,,
17/02/2014,94,912,P,,,,,,,,,,,,
18/02/2014,85,404,P,,,,,,,,,,,,
19/02/2014,98,38,P,,,,,,,,,,,,
20/02/2014,95,880,P,,,,,,,,,,,,
21/02/2014,84,594,P,,,,,,,,,,,,
22/02/2014,162,515,P,,,,,,,,,,,,
23/02/2014,98,448,P,,,,,,,,,,,,
24/02/2014,81,212,P,,,,,,,,,,,,
25/02/2014,66,550,P,,,,,,,,,,,,
26/02/2014,74,959,P,,,,,,,,,,,,
27/02/2014,80,993,P,,,,,,,,,,,,
28/02/2014,66,866,P,,,,,,,,,,,,
01/03/2014,98,275,P,,,,,,,,,,,,
02/03/2014,80,408,P,,,,,,,,,,,,
03/03/2014,67,63,P,,,,,,,,,,,,
04/03/2014,66,684,P,,,,,,,,,,,,
05/03/2014,66,459,P,,,,,,,,,,,,
06/03/2014,55,517,P,,,,,,,,,,,,
07/03/2014,49,957,P,,,,,,,,,,,,
08/03/2014,45,872,P,,,,,,,,,,,,
09/03/2014,40,242,P,,,,,,,,,,,,
10/03/2014,36,756,P,,,,,,,,,,,,
11/03/2014,33,654,P,,,,,,,,,,,,
12/03/2014,31,480,P,,,,,,,,,,,,
13/03/2014,28,814,P,,,,,,,,,,,,
14/03/2014,29,67,P,,,,,,,,,,,,
15/03/2014,27,697,P,,,,,,,,,,,,
16/03/2014,26,667,P,,,,,,,,,,,,
17/03/2014,25,637,P,,,,,,,,,,,,
18/03/2014,25,296,P,,,,,,,,,,,,
19/03/2014,24,229,P,,,,,,,,,,,,
20/03/2014,23,534,P,,,,,,,,,,,,
21/03/2014,22,382,P,,,,,,,,,,,,
22/03/2014,22,768,P,,,,,,,,,,,,
23/03/2014,167,777,P,,,,,,,,,,,,
24/03/2014,94,105,P,,,,,,,,,,,,
25/03/2014,64,929,P,,,,,,,,,,,,
26/03/2014,48,372,P,,,,,,,,,,,,
27/03/2014,41,30,P,,,,,,,,,,,,
28/03/2014,36,696,P,,,,,,,,,,,,
29/03/2014,34,93,P,,,,,,,,,,,,
30/03/2014,32,465,P,,,,,,,,,,,,
31/03/2014,30,51,P,,,,,,,,,,,,
01/04/2014,29,225,P,,,,,,,,,,,,
02/04/2014,26,555,P,,,,,,,,,,,,
03/04/2014,25,463,P,,,,,,,,,,,,
04/04/2014,29,453,P,,,,,,,,,,,,
05/04/2014,32,699,P,,,,,,,,,,,,
06/04/2014,28,562,P,,,,,,,,,,,,
07/04/2014,26,706,P,,,,,,,,,,,,
08/04/2014,23,502,P,,,,,,,,,,,,
09/04/2014,22,20,P,,,,,,,,,,,,
10/04/2014,20,296,P,,,,,,,,,,,,
11/04/2014,16,765,P,,,,,,,,,,,,
12/04/2014,15,909,P,,,,,,,,,,,,
13/04/2014,15,816,P,,,,,,,,,,,,
14/04/2014,15,512,P,,,,,,,,,,,,
15/04/2014,15,162,P,,,,,,,,,,,,
16/04/2014,14,522,P,,,,,,,,,,,,
17/04/2014,14,130,P,,,,,,,,,,,,
18/04/2014,13,764,P,,,,,,,,,,,,
19/04/2014,14,594,P,,,,,,,,,,,,
20/04/2014,14,267,P,,,,,,,,,,,,
21/04/2014,14,244,P,,,,,,,,,,,,
22/04/2014,13,975,P,,,,,,,,,,,,
23/04/2014,13,349,P,,,,,,,,,,,,
24/04/2014,13,653,P,,,,,,,,,,,,
25/04/2014,13,235,P,,,,,,,,,,,,
26/04/2014,13,10,P,,,,,,,,,,,,
27/04/2014,13,395,P,,,,,,,,,,,,
28/04/2014,14,250,P,,,,,,,,,,,,
29/04/2014,14,709,P,,,,,,,,,,,,
30/04/2014,19,727,P,,,,,,,,,,,,
01/05/2014,27,584,P,,,,,,,,,,,,
02/05/2014,31,813,P,,,,,,,,,,,,
03/05/2014,38,121,P,,,,,,,,,,,,
04/05/2014,29,619,P,,,,,,,,,,,,
05/05/2014,23,420,P,,,,,,,,,,,,
06/05/2014,19,665,P,,,,,,,,,,,,
07/05/2014,17,344,P,,,,,,,,,,,,
08/05/2014,17,87,P,,,,,,,,,,,,
09/05/2014,15,779,P,,,,,,,,,,,,
10/05/2014,14,900,P,,,,,,,,,,,,
11/05/2014,14,608,P,,,,,,,,,,,,
12/05/2014,14,68,P,,,,,,,,,,,,
13/05/2014,14,178,P,,,,,,,,,,,,
14/05/2014,14,128,P,,,,,,,,,,,,
15/05/2014,12,971,P,,,,,,,,,,,,
16/05/2014,12,482,P,,,,,,,,,,,,
17/05/2014,12,260,P,,,,,,,,,,,,
18/05/2014,12,137,P,,,,,,,,,,,,
19/05/2014,12,28,P,,,,,,,,,,,,
20/05/2014,11,410,P,,,,,,,,,,,,
21/05/2014,10,956,P,,,,,,,,,,,,
22/05/2014,11,51,P,,,,,,,,,,,,
23/05/2014,11,634,P,,,,,,,,,,,,
24/05/2014,10,881,P,,,,,,,,,,,,
25/05/2014,10,475,P,,,,,,,,,,,,
26/05/2014,10,343,P,,,,,,,,,,,,
27/05/2014,12,234,P,,,,,,,,,,,,
28/05/2014,14,180,P,,,,,,,,,,,,
29/05/2014,12,726,P,,,,,,,,,,,,
30/05/2014,11,561,P,,,,,,,,,,,,
31/05/2014,10,776,P,,,,,,,,,,,,
01/06/2014,10,424,P,,,,,,,,,,,,
02/06/2014,9,959,P,,,,,,,,,,,,
03/06/2014,9,891,P,,,,,,,,,,,,
04/06/2014,9,648,P,,,,,,,,,,,,
05/06/2014,9,117,P,,,,,,,,,,,,
06/06/2014,8,968,P,,,,,,,,,,,,
07/06/2014,8,722,P,,,,,,,,,,,,
08/06/2014,8,443,P,,,,,,,,,,,,
09/06/2014,8,10,P,,,,,,,,,,,,
10/06/2014,7,812,P,,,,,,,,,,,,
11/06/2014,7,478,P,,,,,,,,,,,,
12/06/2014,7,368,P,,,,,,,,,,,,
13/06/2014,7,424,P,,,,,,,,,,,,
14/06/2014,8,708,P,,,,,,,,,,,,
15/06/2014,16,32,P,,,,,,,,,,,,
16/06/2014,11,811,P,,,,,,,,,,,,
17/06/2014,9,851,P,,,,,,,,,,,,
18/06/2014,8,919,P,,,,,,,,,,,,
19/06/2014,8,316,P,,,,,,,,,,,,
20/06/2014,7,923,P,,,,,,,,,,,,
21/06/2014,7,573,P,,,,,,,,,,,,
22/06/2014,7,551,P,,,,,,,,,,,,
23/06/2014,7,534,P,,,,,,,,,,,,
24/06/2014,7,133,P,,,,,,,,,,,,
25/06/2014,13,39,P,,,,,,,,,,,,
26/06/2014,10,483,P,,,,,,,,,,,,
27/06/2014,9,247,P,,,,,,,,,,,,
28/06/2014,8,4,P,,,,,,,,,,,,
29/06/2014,9,21,P,,,,,,,,,,,,
30/06/2014,18,159,P,,,,,,,,,,,,
01/07/2014,10,486,P,,,,,,,,,,,,
02/07/2014,9,235,P,,,,,,,,,,,,
03/07/2014,8,433,P,,,,,,,,,,,,
04/07/2014,7,526,P,,,,,,,,,,,,
05/07/2014,7,594,P,,,,,,,,,,,,
06/07/2014,7,503,P,,,,,,,,,,,,
07/07/2014,7,689,P,,,,,,,,,,,,
08/07/2014,46,673,P,,,,,,,,,,,,
09/07/2014,27,328,P,,,,,,,,,,,,
10/07/2014,17,599,P,,,,,,,,,,,,
11/07/2014,14,476,P,,,,,,,,,,,,
12/07/2014,13,0,P,,,,,,,,,,,,
13/07/2014,11,490,P,,,,,,,,,,,,
14/07/2014,11,313,P,,,,,,,,,,,,
15/07/2014,9,670,P,,,,,,,,,,,,
16/07/2014,9,199,P,,,,,,,,,,,,
17/07/2014,8,557,P,,,,,,,,,,,,
18/07/2014,8,541,P,,,,,,,,,,,,
19/07/2014,8,43,P,,,,,,,,,,,,
20/07/2014,7,878,P,,,,,,,,,,,,
21/07/2014,11,619,P,,,,,,,,,,,,
22/07/2014,11,709,P,,,,,,,,,,,,
23/07/2014,9,442,P,,,,,,,,,,,,
24/07/2014,8,887,P,,,,,,,,,,,,
25/07/2014,8,483,P,,,,,,,,,,,,
26/07/2014,18,364,P,,,,,,,,,,,,
27/07/2014,14,372,P,,,,,,,,,,,,
28/07/2014,10,800,P,,,,,,,,,,,,
29/07/2014,14,670,P,,,,,,,,,,,,
30/07/2014,31,127,P,,,,,,,,,,,,
31/07/2014,21,564,P,,,,,,,,,,,,
01/08/2014,14,772,P,,,,,,,,,,,,
02/08/2014,12,365,P,,,,,,,,,,,,
03/08/2014,11,638,P,,,,,,,,,,,,
04/08/2014,11,518,P,,,,,,,,,,,,
05/08/2014,9,906,P,,,,,,,,,,,,
06/08/2014,9,457,P,,,,,,,,,,,,
07/08/2014,9,380,P,,,,,,,,,,,,
08/08/2014,8,880,P,,,,,,,,,,,,
09/08/2014,8,440,P,,,,,,,,,,,,
10/08/2014,8,92,P,,,,,,,,,,,,
11/08/2014,7,830,P,,,,,,,,,,,,
12/08/2014,7,606,P,,,,,,,,,,,,
13/08/2014,8,839,P,,,,,,,,,,,,
14/08/2014,9,559,P,,,,,,,,,,,,
15/08/2014,8,454,P,,,,,,,,,,,,
16/08/2014,8,144,P,,,,,,,,,,,,
17/08/2014,7,819,P,,,,,,,,,,,,
18/08/2014,7,423,P,,,,,,,,,,,,
19/08/2014,7,681,P,,,,,,,,,,,,
20/08/2014,10,195,P,,,,,,,,,,,,
21/08/2014,7,993,P,,,,,,,,,,,,
22/08/2014,7,518,P,,,,,,,,,,,,
23/08/2014,7,232,P,,,,,,,,,,,,
24/08/2014,7,178,P,,,,,,,,,,,,
25/08/2014,6,858,P,,,,,,,,,,,,
26/08/2014,7,332,P,,,,,,,,,,,,
27/08/2014,11,610,P,,,,,,,,,,,,
28/08/2014,10,79,P,,,,,,,,,,,,
29/08/2014,8,581,P,,,,,,,,,,,,
30/08/2014,8,117,P,,,,,,,,,,,,
31/08/2014,7,645,P,,,,,,,,,,,,
01/09/2014,8,665,P,,,,,,,,,,,,
02/09/2014,7,844,P,,,,,,,,,,,,
03/09/2014,7,236,P,,,,,,,,,,,,
04/09/2014,7,12,P,,,,,,,,,,,,
05/09/2014,6,705,P,,,,,,,,,,,,
06/09/2014,6,598,P,,,,,,,,,,,,
07/09/2014,6,537,P,,,,,,,,,,,,
08/09/2014,6,645,P,,,,,,,,,,,,
09/09/2014,6,512,P,,,,,,,,,,,,
10/09/2014,6,574,P,,,,,,,,,,,,
11/09/2014,7,914,P,,,,,,,,,,,,
12/09/2014,10,50,P,,,,,,,,,,,,
13/09/2014,8,445,P,,,,,,,,,,,,
14/09/2014,7,476,P,,,,,,,,,,,,
15/09/2014,7,230,P,,,,,,,,,,,,
16/09/2014,7,279,P,,,,,,,,,,,,
17/09/2014,6,817,P,,,,,,,,,,,,
18/09/2014,6,476,P,,,,,,,,,,,,
19/09/2014,6,684,P,,,,,,,,,,,,
20/09/2014,18,407,P,,,,,,,,,,,,
21/09/2014,11,951,P,,,,,,,,,,,,
22/09/2014,9,689,P,,,,,,,,,,,,
23/09/2014,8,718,P,,,,,,,,,,,,
24/09/2014,8,302,P,,,,,,,,,,,,
25/09/2014,7,387,P,,,,,,,,,,,,
26/09/2014,7,340,P,,,,,,,,,,,,
27/09/2014,6,993,P,,,,,,,,,,,,
28/09/2014,6,951,P,,,,,,,,,,,,
29/09/2014,6,762,P,,,,,,,,,,,,
30/09/2014,6,638,P,,,,,,,,,,,,
01/10/2014,7,387,P,,,,,,,,,,,,
02/10/2014,7,693,P,,,,,,,,,,,,
03/10/2014,6,885,P,,,,,,,,,,,,
04/10/2014,6,914,P,,,,,,,,,,,,
05/10/2014,6,589,P,,,,,,,,,,,,
06/10/2014,6,288,P,,,,,,,,,,,,
07/10/2014,6,287,P,,,,,,,,,,,,
08/10/2014,15,624,P,,,,,,,,,,,,
09/10/2014,15,854,P,,,,,,,,,,,,
10/10/2014,20,455,P,,,,,,,,,,,,
11/10/2014,78,916,P,,,,,,,,,,,,
12/10/2014,60,381,P,,,,,,,,,,,,
13/10/2014,115,213,P,,,,,,,,,,,,
14/10/2014,68,894,P,,,,,,,,,,,,
15/10/2014,33,446,P,,,,,,,,,,,,
16/10/2014,25,466,P,,,,,,,,,,,,
17/10/2014,67,49,P,,,,,,,,,,,,
18/10/2014,59,507,P,,,,,,,,,,,,
19/10/2014,34,284,P,,,,,,,,,,,,
20/10/2014,25,996,P,,,,,,,,,,,,
21/10/2014,21,165,P,,,,,,,,,,,,
22/10/2014,19,773,P,,,,,,,,,,,,
23/10/2014,18,396,P,,,,,,,,,,,,
24/10/2014,15,727,P,,,,,,,,,,,,
25/10/2014,14,704,P,,,,,,,,,,,,
26/10/2014,14,8,P,,,,,,,,,,,,
27/10/2014,13,978,P,,,,,,,,,,,,
28/10/2014,13,418,P,,,,,,,,,,,,
29/10/2014,12,880,P,,,,,,,,,,,,
30/10/2014,12,293,P,,,,,,,,,,,,
31/10/2014,12,743,P,,,,,,,,,,,,
01/11/2014,11,663,P,,,,,,,,,,,,
02/11/2014,12,26,P,,,,,,,,,,,,
03/11/2014,13,259,P,,,,,,,,,,,,
04/11/2014,49,889,P,,,,,,,,,,,,
05/11/2014,532,891,P,,,,,,,,,,,,
06/11/2014,227,395,P,,,,,,,,,,,,
07/11/2014,109,26,P,,,,,,,,,,,,
08/11/2014,62,924,P,,,,,,,,,,,,
09/11/2014,40,495,P,,,,,,,,,,,,
10/11/2014,130,969,P,,,,,,,,,,,,
11/11/2014,190,996,P,,,,,,,,,,,,
12/11/2014,116,626,P,,,,,,,,,,,,
13/11/2014,91,111,P,,,,,,,,,,,,
14/11/2014,61,519,P,,,,,,,,,,,,
15/11/2014,102,82,P,,,,,,,,,,,,
16/11/2014,154,656,P,,,,,,,,,,,,
17/11/2014,118,797,P,,,,,,,,,,,,
18/11/2014,140,152,P,,,,,,,,,,,,
19/11/2014,109,499,P,,,,,,,,,,,,
20/11/2014,67,295,P,,,,,,,,,,,,
21/11/2014,50,253,P,,,,,,,,,,,,
22/11/2014,39,902,P,,,,,,,,,,,,
23/11/2014,33,634,P,,,,,,,,,,,,
24/11/2014,29,136,P,,,,,,,,,,,,
25/11/2014,27,988,P,,,,,,,,,,,,
26/11/2014,72,559,P,,,,,,,,,,,,
27/11/2014,89,581,P,,,,,,,,,,,,
28/11/2014,160,688,P,,,,,,,,,,,,
29/11/2014,119,860,P,,,,,,,,,,,,
30/11/2014,76,318,P,,,,,,,,,,,,
01/12/2014,117,403,P,,,,,,,,,,,,
02/12/2014,81,655,P,,,,,,,,,,,,
03/12/2014,58,812,P,,,,,,,,,,,,
04/12/2014,44,839,P,,,,,,,,,,,,
05/12/2014,37,556,P,,,,,,,,,,,,
06/12/2014,32,879,P,,,,,,,,,,,,
07/12/2014,28,205,P,,,,,,,,,,,,
08/12/2014,25,207,P,,,,,,,,,,,,
09/12/2014,23,227,P,,,,,,,,,,,,
10/12/2014,21,394,P,,,,,,,,,,,,
11/12/2014,19,928,P,,,,,,,,,,,,
12/12/2014,18,697,P,,,,,,,,,,,,
13/12/2014,19,129,P,,,,,,,,,,,,
14/12/2014,23,707,P,,,,,,,,,,,,
15/12/2014,23,195,P,,,,,,,,,,,,
16/12/2014,33,492,P,,,,,,,,,,,,
17/12/2014,27,651,P,,,,,,,,,,,,
18/12/2014,24,715,P,,,,,,,,,,,,
19/12/2014,22,864,P,,,,,,,,,,,,
20/12/2014,19,612,P,,,,,,,,,,,,
21/12/2014,17,755,P,,,,,,,,,,,,
22/12/2014,17,45,P,,,,,,,,,,,,
23/12/2014,16,35,P,,,,,,,,,,,,
24/12/2014,15,313,P,,,,,,,,,,,,
25/12/2014,15,73,P,,,,,,,,,,,,
26/12/2014,14,756,P,,,,,,,,,,,,
27/12/2014,,@,,,,,,,,,,,,,
28/12/2014,19,132,P,,,,,,,,,,,,
29/12/2014,15,939,P,,,,,,,,,,,,
30/12/2014,,@,,,,,,,,,,,,,
31/12/2014,,@,,,,,,,,,,,,,
01/01/2015,13,288,,,,,,,,,,,,,
02/01/2015,,@,,,,,,,,,,,,,
03/01/2015,13,342,P,,,,,,,,,,,,
04/01/2015,12,885,P,,,,,,,,,,,,
05/01/2015,12,666,P,,,,,,,,,,,,
06/01/2015,12,112,P,,,,,,,,,,,,
07/01/2015,12,164,P,,,,,,,,,,,,
08/01/2015,11,851,P,,,,,,,,,,,,
09/01/2015,11,674,P,,,,,,,,,,,,
10/01/2015,11,370,P,,,,,,,,,,,,
11/01/2015,11,153,P,,,,,,,,,,,,
12/01/2015,11,105,P,,,,,,,,,,,,
13/01/2015,10,792,P,,,,,,,,,,,,
14/01/2015,10,707,P,,,,,,,,,,,,
15/01/2015,10,435,P,,,,,,,,,,,,
16/01/2015,19,178,P,,,,,,,,,,,,
17/01/2015,177,940,P,,,,,,,,,,,,
18/01/2015,58,835,P,,,,,,,,,,,,
19/01/2015,36,537,P,,,,,,,,,,,,
20/01/2015,29,3,P,,,,,,,,,,,,
21/01/2015,24,860,P,,,,,,,,,,,,
22/01/2015,62,850,P,,,,,,,,,,,,
23/01/2015,39,5,P,,,,,,,,,,,,
24/01/2015,29,962,P,,,,,,,,,,,,
25/01/2015,25,194,P,,,,,,,,,,,,
26/01/2015,21,605,P,,,,,,,,,,,,
27/01/2015,19,18,P,,,,,,,,,,,,
28/01/2015,18,0,P,,,,,,,,,,,,
29/01/2015,18,154,P,,,,,,,,,,,,
30/01/2015,51,326,P,,,,,,,,,,,,
31/01/2015,28,524,P,,,,,,,,,,,,
01/02/2015,27,461,P,,,,,,,,,,,,
02/02/2015,23,97,P,,,,,,,,,,,,
03/02/2015,24,827,P,,,,,,,,,,,,
04/02/2015,24,2,P,,,,,,,,,,,,
05/02/2015,26,906,P,,,,,,,,,,,,
06/02/2015,24,816,P,,,,,,,,,,,,
07/02/2015,19,681,P,,,,,,,,,,,,
08/02/2015,18,83,P,,,,,,,,,,,,
09/02/2015,17,754,P,,,,,,,,,,,,
10/02/2015,16,997,P,,,,,,,,,,,,
11/02/2015,16,375,P,,,,,,,,,,,,
12/02/2015,16,384,P,,,,,,,,,,,,
13/02/2015,16,170,P,,,,,,,,,,,,
14/02/2015,27,105,P,,,,,,,,,,,,
15/02/2015,99,129,P,,,,,,,,,,,,
16/02/2015,56,352,P,,,,,,,,,,,,
17/02/2015,39,743,P,,,,,,,,,,,,
18/02/2015,33,668,P,,,,,,,,,,,,
19/02/2015,28,678,P,,,,,,,,,,,,
20/02/2015,25,656,P,,,,,,,,,,,,
21/02/2015,26,3,P,,,,,,,,,,,,
22/02/2015,56,932,P,,,,,,,,,,,,
23/02/2015,37,419,P,,,,,,,,,,,,
24/02/2015,32,922,P,,,,,,,,,,,,
25/02/2015,32,914,P,,,,,,,,,,,,
26/02/2015,27,444,P,,,,,,,,,,,,
27/02/2015,24,223,P,,,,,,,,,,,,
28/02/2015,21,889,P,,,,,,,,,,,,
01/03/2015,20,194,P,,,,,,,,,,,,
02/03/2015,32,317,P,,,,,,,,,,,,
03/03/2015,31,757,P,,,,,,,,,,,,
04/03/2015,27,328,P,,,,,,,,,,,,
05/03/2015,33,410,P,,,,,,,,,,,,
06/03/2015,25,981,P,,,,,,,,,,,,
07/03/2015,21,455,P,,,,,,,,,,,,
08/03/2015,19,320,P,,,,,,,,,,,,
09/03/2015,18,255,P,,,,,,,,,,,,
10/03/2015,17,193,P,,,,,,,,,,,,
11/03/2015,16,500,P,,,,,,,,,,,,
12/03/2015,16,83,P,,,,,,,,,,,,
13/03/2015,15,791,P,,,,,,,,,,,,
14/03/2015,15,32,P,,,,,,,,,,,,
15/03/2015,14,435,P,,,,,,,,,,,,
16/03/2015,14,959,P,,,,,,,,,,,,
17/03/2015,16,119,P,,,,,,,,,,,,
18/03/2015,14,826,P,,,,,,,,,,,,
19/03/2015,14,441,P,,,,,,,,,,,,
20/03/2015,13,945,P,,,,,,,,,,,,
21/03/2015,13,652,P,,,,,,,,,,,,
22/03/2015,13,370,P,,,,,,,,,,,,
23/03/2015,13,281,P,,,,,,,,,,,,
24/03/2015,13,294,P,,,,,,,,,,,,
25/03/2015,16,217,P,,,,,,,,,,,,
26/03/2015,22,467,P,,,,,,,,,,,,
27/03/2015,17,851,P,,,,,,,,,,,,
28/03/2015,16,125,P,,,,,,,,,,,,
29/03/2015,15,94,P,,,,,,,,,,,,
30/03/2015,14,336,P,,,,,,,,,,,,
31/03/2015,14,554,P,,,,,,,,,,,,
01/04/2015,14,134,P,,,,,,,,,,,,
02/04/2015,13,471,P,,,,,,,,,,,,
03/04/2015,12,650,P,,,,,,,,,,,,
04/04/2015,17,444,P,,,,,,,,,,,,
05/04/2015,15,298,P,,,,,,,,,,,,
06/04/2015,13,61,P,,,,,,,,,,,,
07/04/2015,12,507,P,,,,,,,,,,,,
08/04/2015,11,831,P,,,,,,,,,,,,
09/04/2015,11,398,P,,,,,,,,,,,,
10/04/2015,11,133,P,,,,,,,,,,,,
11/04/2015,11,289,P,,,,,,,,,,,,
12/04/2015,11,28,P,,,,,,,,,,,,
13/04/2015,10,960,P,,,,,,,,,,,,
14/04/2015,10,988,P,,,,,,,,,,,,
15/04/2015,10,916,P,,,,,,,,,,,,
16/04/2015,10,808,P,,,,,,,,,,,,
17/04/2015,11,36,P,,,,,,,,,,,,
18/04/2015,11,402,P,,,,,,,,,,,,
19/04/2015,10,940,P,,,,,,,,,,,,
20/04/2015,10,423,P,,,,,,,,,,,,
21/04/2015,10,2,P,,,,,,,,,,,,
22/04/2015,9,553,P,,,,,,,,,,,,
23/04/2015,9,501,P,,,,,,,,,,,,
24/04/2015,9,197,P,,,,,,,,,,,,
25/04/2015,8,980,P,,,,,,,,,,,,
26/04/2015,8,864,P,,,,,,,,,,,,
27/04/2015,25,984,P,,,,,,,,,,,,
28/04/2015,31,455,P,,,,,,,,,,,,
29/04/2015,16,555,P,,,,,,,,,,,,
30/04/2015,14,129,P,,,,,,,,,,,,
01/05/2015,14,588,P,,,,,,,,,,,,
02/05/2015,18,984,P,,,,,,,,,,,,
03/05/2015,,@,,,,,,,,,,,,,
04/05/2015,,@,,,,,,,,,,,,,
05/05/2015,14,436,P,,,,,,,,,,,,
06/05/2015,13,462,P,,,,,,,,,,,,
07/05/2015,12,28,P,,,,,,,,,,,,
08/05/2015,11,277,P,,,,,,,,,,,,
09/05/2015,10,944,P,,,,,,,,,,,,
10/05/2015,10,275,P,,,,,,,,,,,,
11/05/2015,10,203,P,,,,,,,,,,,,
12/05/2015,9,514,P,,,,,,,,,,,,
13/05/2015,10,375,P,,,,,,,,,,,,
14/05/2015,10,499,P,,,,,,,,,,,,
15/05/2015,12,54,P,,,,,,,,,,,,
16/05/2015,11,342,P,,,,,,,,,,,,
17/05/2015,9,791,P,,,,,,,,,,,,
18/05/2015,9,434,P,,,,,,,,,,,,
19/05/2015,8,830,P,,,,,,,,,,,,
20/05/2015,8,262,P,,,,,,,,,,,,
21/05/2015,8,208,P,,,,,,,,,,,,
22/05/2015,8,556,P,,,,,,,,,,,,
23/05/2015,8,752,P,,,,,,,,,,,,
24/05/2015,8,430,P,,,,,,,,,,,,
25/05/2015,8,247,P,,,,,,,,,,,,
26/05/2015,7,821,P,,,,,,,,,,,,
27/05/2015,7,674,P,,,,,,,,,,,,
28/05/2015,7,368,P,,,,,,,,,,,,
29/05/2015,7,277,P,,,,,,,,,,,,
30/05/2015,7,13,P,,,,,,,,,,,,
31/05/2015,6,559,P,,,,,,,,,,,,
01/06/2015,6,931,P,,,,,,,,,,,,
02/06/2015,6,95,P,,,,,,,,,,,,
03/06/2015,6,107,P,,,,,,,,,,,,
04/06/2015,6,221,P,,,,,,,,,,,,
05/06/2015,5,930,P,,,,,,,,,,,,
06/06/2015,5,691,P,,,,,,,,,,,,
07/06/2015,5,915,P,,,,,,,,,,,,
08/06/2015,5,620,P,,,,,,,,,,,,
09/06/2015,6,559,P,,,,,,,,,,,,
10/06/2015,5,938,P,,,,,,,,,,,,
11/06/2015,6,316,P,,,,,,,,,,,,
12/06/2015,6,284,P,,,,,,,,,,,,
13/06/2015,5,973,P,,,,,,,,,,,,
14/06/2015,5,659,P,,,,,,,,,,,,
15/06/2015,6,45,P,,,,,,,,,,,,
16/06/2015,5,734,P,,,,,,,,,,,,
17/06/2015,5,725,P,,,,,,,,,,,,
18/06/2015,5,396,P,,,,,,,,,,,,
19/06/2015,5,424,P,,,,,,,,,,,,
20/06/2015,5,153,P,,,,,,,,,,,,
21/06/2015,4,918,P,,,,,,,,,,,,
22/06/2015,5,86,P,,,,,,,,,,,,
23/06/2015,4,737,P,,,,,,,,,,,,
24/06/2015,5,620,P,,,,,,,,,,,,
25/06/2015,5,227,P,,,,,,,,,,,,
26/06/2015,5,119,P,,,,,,,,,,,,
27/06/2015,4,465,P,,,,,,,,,,,,
28/06/2015,4,337,P,,,,,,,,,,,,
29/06/2015,4,18,P,,,,,,,,,,,,
30/06/2015,4,74,P,,,,,,,,,,,,
01/07/2015,3,994,P,,,,,,,,,,,,
02/07/2015,3,740,P,,,,,,,,,,,,
03/07/2015,3,769,P,,,,,,,,,,,,
04/07/2015,3,787,P,,,,,,,,,,,,
05/07/2015,3,729,P,,,,,,,,,,,,
06/07/2015,3,972,P,,,,,,,,,,,,
07/07/2015,3,790,P,,,,,,,,,,,,
08/07/2015,4,243,P,,,,,,,,,,,,
09/07/2015,3,973,P,,,,,,,,,,,,
10/07/2015,3,799,P,,,,,,,,,,,,
11/07/2015,3,515,P,,,,,,,,,,,,
12/07/2015,3,422,P,,,,,,,,,,,,
13/07/2015,3,314,P,,,,,,,,,,,,
14/07/2015,3,332,P,,,,,,,,,,,,
15/07/2015,3,331,P,,,,,,,,,,,,
16/07/2015,3,443,P,,,,,,,,,,,,
17/07/2015,3,305,P,,,,,,,,,,,,
18/07/2015,3,154,P,,,,,,,,,,,,
19/07/2015,2,897,P,,,,,,,,,,,,
20/07/2015,2,822,P,,,,,,,,,,,,
21/07/2015,2,819,P,,,,,,,,,,,,
22/07/2015,3,96,P,,,,,,,,,,,,
23/07/2015,3,163,P,,,,,,,,,,,,
24/07/2015,3,98,P,,,,,,,,,,,,
25/07/2015,3,190,P,,,,,,,,,,,,
26/07/2015,3,169,P,,,,,,,,,,,,
27/07/2015,3,77,P,,,,,,,,,,,,
28/07/2015,3,220,P,,,,,,,,,,,,
29/07/2015,3,287,P,,,,,,,,,,,,
30/07/2015,3,296,P,,,,,,,,,,,,
31/07/2015,2,980,P,,,,,,,,,,,,
01/08/2015,2,976,P,,,,,,,,,,,,
02/08/2015,2,976,P,,,,,,,,,,,,
03/08/2015,2,976,P,,,,,,,,,,,,
04/08/2015,2,976,P,,,,,,,,,,,,
05/08/2015,2,976,P,,,,,,,,,,,,
06/08/2015,2,976,P,,,,,,,,,,,,
07/08/2015,2,976,P,,,,,,,,,,,,
08/08/2015,2,976,P,,,,,,,,,,,,
09/08/2015,2,976,P,,,,,,,,,,,,
10/08/2015,2,976,P,,,,,,,,,,,,
11/08/2015,2,976,P,,,,,,,,,,,,
12/08/2015,2,976,P,,,,,,,,,,,,
13/08/2015,2,976,P,,,,,,,,,,,,
14/08/2015,2,976,P,,,,,,,,,,,,
15/08/2015,2,976,P,,,,,,,,,,,,
16/08/2015,2,976,P,,,,,,,,,,,,
17/08/2015,2,976,P,,,,,,,,,,,,
18/08/2015,3,371,P,,,,,,,,,,,,
19/08/2015,4,159,P,,,,,,,,,,,,
20/08/2015,4,240,P,,,,,,,,,,,,
21/08/2015,4,86,P,,,,,,,,,,,,
22/08/2015,3,969,P,,,,,,,,,,,,
23/08/2015,3,868,P,,,,,,,,,,,,
24/08/2015,19,738,P,,,,,,,,,,,,
25/08/2015,9,197,P,,,,,,,,,,,,
26/08/2015,6,860,P,,,,,,,,,,,,
27/08/2015,5,751,P,,,,,,,,,,,,
28/08/2015,5,0,P,,,,,,,,,,,,
29/08/2015,4,86,P,,,,,,,,,,,,
30/08/2015,4,86,P,,,,,,,,,,,,
31/08/2015,4,86,P,,,,,,,,,,,,
01/09/2015,4,86,P,,,,,,,,,,,,
02/09/2015,4,86,P,,,,,,,,,,,,
03/09/2015,4,86,P,,,,,,,,,,,,
04/09/2015,4,86,P,,,,,,,,,,,,
05/09/2015,4,86,P,,,,,,,,,,,,
06/09/2015,4,86,P,,,,,,,,,,,,
07/09/2015,4,86,P,,,,,,,,,,,,
08/09/2015,4,86,P,,,,,,,,,,,,
09/09/2015,4,86,P,,,,,,,,,,,,
10/09/2015,3,836,P,,,,,,,,,,,,
11/09/2015,2,610,P,,,,,,,,,,,,
12/09/2015,2,610,P,,,,,,,,,,,,
13/09/2015,2,610,P,,,,,,,,,,,,
14/09/2015,2,610,P,,,,,,,,,,,,
15/09/2015,2,610,P,,,,,,,,,,,,
16/09/2015,6,219,@,,,,,,,,,,,,
17/09/2015,6,88,P,,,,,,,,,,,,
18/09/2015,6,3,P,,,,,,,,,,,,
19/09/2015,7,332,P,,,,,,,,,,,,
20/09/2015,7,193,P,,,,,,,,,,,,
21/09/2015,7,126,P,,,,,,,,,,,,
22/09/2015,6,948,P,,,,,,,,,,,,
23/09/2015,7,110,P,,,,,,,,,,,,
24/09/2015,7,197,P,,,,,,,,,,,,
25/09/2015,6,944,P,,,,,,,,,,,,
26/09/2015,6,739,P,,,,,,,,,,,,
27/09/2015,6,661,P,,,,,,,,,,,,
28/09/2015,6,496,P,,,,,,,,,,,,
29/09/2015,6,249,P,,,,,,,,,,,,
30/09/2015,6,515,P,,,,,,,,,,,,
01/10/2015,6,460,P,,,,,,,,,,,,
02/10/2015,6,578,P,,,,,,,,,,,,
03/10/2015,8,665,P,,,,,,,,,,,,
04/10/2015,46,696,P,,,,,,,,,,,,
05/10/2015,25,822,P,,,,,,,,,,,,
06/10/2015,27,371,P,,,,,,,,,,,,
07/10/2015,47,967,P,,,,,,,,,,,,
08/10/2015,17,50,P,,,,,,,,,,,,
09/10/2015,13,431,P,,,,,,,,,,,,
10/10/2015,11,967,P,,,,,,,,,,,,
11/10/2015,10,623,P,,,,,,,,,,,,
12/10/2015,10,427,P,,,,,,,,,,,,
13/10/2015,19,633,P,,,,,,,,,,,,
14/10/2015,39,66,P,,,,,,,,,,,,
15/10/2015,40,919,P,,,,,,,,,,,,
16/10/2015,27,530,P,,,,,,,,,,,,
17/10/2015,19,545,P,,,,,,,,,,,,
18/10/2015,16,453,P,,,,,,,,,,,,
19/10/2015,16,596,P,,,,,,,,,,,,
20/10/2015,14,834,P,,,,,,,,,,,,
21/10/2015,13,471,P,,,,,,,,,,,,
22/10/2015,12,666,P,,,,,,,,,,,,
23/10/2015,12,3,P,,,,,,,,,,,,
24/10/2015,11,654,P,,,,,,,,,,,,
25/10/2015,11,398,P,,,,,,,,,,,,
26/10/2015,12,369,P,,,,,,,,,,,,
27/10/2015,11,29,P,,,,,,,,,,,,
28/10/2015,40,584,P,,,,,,,,,,,,
29/10/2015,102,659,P,,,,,,,,,,,,
30/10/2015,33,853,P,,,,,,,,,,,,
31/10/2015,22,342,P,,,,,,,,,,,,
01/11/2015,17,175,P,,,,,,,,,,,,
02/11/2015,15,710,P,,,,,,,,,,,,
03/11/2015,14,948,P,,,,,,,,,,,,
04/11/2015,15,187,P,,,,,,,,,,,,
05/11/2015,15,187,P,,,,,,,,,,,,
06/11/2015,14,647,P,,,,,,,,,,,,
07/11/2015,11,847,P,,,,,,,,,,,,
08/11/2015,12,92,P,,,,,,,,,,,,
09/11/2015,11,474,P,,,,,,,,,,,,
10/11/2015,11,36,P,,,,,,,,,,,,
11/11/2015,11,8,P,,,,,,,,,,,,
12/11/2015,10,543,P,,,,,,,,,,,,
13/11/2015,10,166,P,,,,,,,,,,,,
14/11/2015,10,142,P,,,,,,,,,,,,
15/11/2015,10,98,P,,,,,,,,,,,,
16/11/2015,9,933,P,,,,,,,,,,,,
17/11/2015,10,254,P,,,,,,,,,,,,
18/11/2015,10,202,P,,,,,,,,,,,,
19/11/2015,10,194,P,,,,,,,,,,,,
20/11/2015,10,218,P,,,,,,,,,,,,
21/11/2015,10,456,P,,,,,,,,,,,,
22/11/2015,12,457,P,,,,,,,,,,,,
23/11/2015,11,149,P,,,,,,,,,,,,
24/11/2015,10,435,P,,,,,,,,,,,,
25/11/2015,10,675,P,,,,,,,,,,,,
26/11/2015,9,709,P,,,,,,,,,,,,
27/11/2015,9,613,P,,,,,,,,,,,,
28/11/2015,9,613,P,,,,,,,,,,,,
29/11/2015,8,772,P,,,,,,,,,,,,
30/11/2015,9,160,P,,,,,,,,,,,,
01/12/2015,8,760,P,,,,,,,,,,,,
02/12/2015,8,961,P,,,,,,,,,,,,
03/12/2015,8,568,P,,,,,,,,,,,,
04/12/2015,8,587,P,,,,,,,,,,,,
05/12/2015,8,588,P,,,,,,,,,,,,
06/12/2015,8,796,P,,,,,,,,,,,,
07/12/2015,8,369,P,,,,,,,,,,,,
08/12/2015,8,492,P,,,,,,,,,,,,
09/12/2015,8,425,P,,,,,,,,,,,,
10/12/2015,9,24,P,,,,,,,,,,,,
11/12/2015,9,477,P,,,,,,,,,,,,
12/12/2015,9,172,P,,,,,,,,,,,,
13/12/2015,8,181,P,,,,,,,,,,,,
14/12/2015,8,57,P,,,,,,,,,,,,
15/12/2015,8,74,P,,,,,,,,,,,,
16/12/2015,8,198,P,,,,,,,,,,,,
17/12/2015,7,979,P,,,,,,,,,,,,
18/12/2015,8,62,P,,,,,,,,,,,,
19/12/2015,7,991,P,,,,,,,,,,,,
20/12/2015,7,756,P,,,,,,,,,,,,
21/12/2015,8,78,P,,,,,,,,,,,,
22/12/2015,7,927,P,,,,,,,,,,,,
23/12/2015,8,138,P,,,,,,,,,,,,
24/12/2015,9,394,P,,,,,,,,,,,,
25/12/2015,12,83,P,,,,,,,,,,,,
26/12/2015,11,325,P,,,,,,,,,,,,
27/12/2015,10,619,P,,,,,,,,,,,,
28/12/2015,10,254,P,,,,,,,,,,,,
29/12/2015,9,729,P,,,,,,,,,,,,
30/12/2015,9,509,P,,,,,,,,,,,,
31/12/2015,9,256,P,,,,,,,,,,,,
01/01/2016,5,359,V,,,,,,,,,,,,
02/01/2016,21,415,V,,,,,,,,,,,,
03/01/2016,32,766,V,,,,,,,,,,,,
04/01/2016,32,419,V,,,,,,,,,,,,
05/01/2016,34,371,V,,,,,,,,,,,,
06/01/2016,29,153,V,,,,,,,,,,,,
07/01/2016,22,87,V,,,,,,,,,,,,
08/01/2016,18,703,V,,,,,,,,,,,,
09/01/2016,71,139,V,,,,,,,,,,,,
10/01/2016,174,929,V,,,,,,,,,,,,
11/01/2016,177,35,V,,,,,,,,,,,,
12/01/2016,107,738,V,,,,,,,,,,,,
13/01/2016,53,867,V,,,,,,,,,,,,
14/01/2016,80,872,V,,,,,,,,,,,,
15/01/2016,69,605,V,,,,,,,,,,,,
16/01/2016,,@,,,,,,,,,,,,,
17/01/2016,,@,,,,,,,,,,,,,
18/01/2016,,@,,,,,,,,,,,,,
19/01/2016,,@,,,,,,,,,,,,,
20/01/2016,,@,,,,,,,,,,,,,
21/01/2016,,@,,,,,,,,,,,,,
22/01/2016,,@,,,,,,,,,,,,,
23/01/2016,18,658,V,,,,,,,,,,,,
24/01/2016,17,501,V,,,,,,,,,,,,
25/01/2016,16,649,V,,,,,,,,,,,,
26/01/2016,14,731,V,,,,,,,,,,,,
27/01/2016,13,487,V,,,,,,,,,,,,
28/01/2016,14,432,V,,,,,,,,,,,,
29/01/2016,15,294,V,,,,,,,,,,,,
30/01/2016,19,43,V,,,,,,,,,,,,
31/01/2016,25,245,V,,,,,,,,,,,,
01/02/2016,25,66,V,,,,,,,,,,,,
02/02/2016,22,645,V,,,,,,,,,,,,
03/02/2016,23,169,V,,,,,,,,,,,,
04/02/2016,25,855,V,,,,,,,,,,,,
05/02/2016,24,239,V,,,,,,,,,,,,
06/02/2016,22,491,V,,,,,,,,,,,,
07/02/2016,74,760,V,,,,,,,,,,,,
08/02/2016,208,841,V,,,,,,,,,,,,
09/02/2016,150,696,V,,,,,,,,,,,,
10/02/2016,337,232,V,,,,,,,,,,,,
11/02/2016,109,211,V,,,,,,,,,,,,
12/02/2016,80,846,V,,,,,,,,,,,,
13/02/2016,83,539,V,,,,,,,,,,,,
14/02/2016,127,558,V,,,,,,,,,,,,
15/02/2016,89,150,V,,,,,,,,,,,,
16/02/2016,65,144,V,,,,,,,,,,,,
17/02/2016,55,855,V,,,,,,,,,,,,
18/02/2016,48,325,V,,,,,,,,,,,,
19/02/2016,41,947,V,,,,,,,,,,,,
20/02/2016,37,953,V,,,,,,,,,,,,
21/02/2016,34,434,V,,,,,,,,,,,,
22/02/2016,32,577,V,,,,,,,,,,,,
23/02/2016,61,725,V,,,,,,,,,,,,
24/02/2016,46,305,V,,,,,,,,,,,,
25/02/2016,41,52,V,,,,,,,,,,,,
26/02/2016,38,950,V,,,,,,,,,,,,
27/02/2016,60,926,V,,,,,,,,,,,,
28/02/2016,202,151,V,,,,,,,,,,,,
29/02/2016,155,339,V,,,,,,,,,,,,
01/03/2016,81,469,V,,,,,,,,,,,,
02/03/2016,61,52,V,,,,,,,,,,,,
03/03/2016,65,721,V,,,,,,,,,,,,
04/03/2016,51,113,V,,,,,,,,,,,,
05/03/2016,174,370,V,,,,,,,,,,,,
06/03/2016,143,170,V,,,,,,,,,,,,
07/03/2016,77,556,V,,,,,,,,,,,,
08/03/2016,60,807,V,,,,,,,,,,,,
09/03/2016,50,659,V,,,,,,,,,,,,
10/03/2016,42,828,V,,,,,,,,,,,,
11/03/2016,38,780,V,,,,,,,,,,,,
12/03/2016,34,959,V,,,,,,,,,,,,
13/03/2016,32,280,V,,,,,,,,,,,,
14/03/2016,30,423,V,,,,,,,,,,,,
15/03/2016,28,840,V,,,,,,,,,,,,
16/03/2016,26,863,V,,,,,,,,,,,,
17/03/2016,25,286,V,,,,,,,,,,,,
18/03/2016,24,593,V,,,,,,,,,,,,
19/03/2016,23,589,V,,,,,,,,,,,,
20/03/2016,22,910,V,,,,,,,,,,,,
21/03/2016,22,53,V,,,,,,,,,,,,
22/03/2016,21,849,V,,,,,,,,,,,,
23/03/2016,21,602,V,,,,,,,,,,,,
24/03/2016,20,596,V,,,,,,,,,,,,
25/03/2016,19,788,V,,,,,,,,,,,,
26/03/2016,18,690,V,,,,,,,,,,,,
27/03/2016,18,5,V,,,,,,,,,,,,
28/03/2016,18,577,V,,,,,,,,,,,,
29/03/2016,18,470,V,,,,,,,,,,,,
30/03/2016,18,303,V,,,,,,,,,,,,
31/03/2016,18,955,V,,,,,,,,,,,,
01/04/2016,19,180,V,,,,,,,,,,,,
02/04/2016,18,507,V,,,,,,,,,,,,
03/04/2016,17,544,V,,,,,,,,,,,,
04/04/2016,16,510,V,,,,,,,,,,,,
05/04/2016,16,623,V,,,,,,,,,,,,
06/04/2016,16,2,V,,,,,,,,,,,,
07/04/2016,14,978,V,,,,,,,,,,,,
08/04/2016,15,144,V,,,,,,,,,,,,
09/04/2016,14,764,V,,,,,,,,,,,,
10/04/2016,13,399,V,,,,,,,,,,,,
11/04/2016,12,978,V,,,,,,,,,,,,
12/04/2016,11,710,V,,,,,,,,,,,,
13/04/2016,11,637,V,,,,,,,,,,,,
14/04/2016,12,23,V,,,,,,,,,,,,
15/04/2016,11,254,V,,,,,,,,,,,,
16/04/2016,11,148,V,,,,,,,,,,,,
17/04/2016,10,355,V,,,,,,,,,,,,
18/04/2016,10,857,V,,,,,,,,,,,,
19/04/2016,10,260,V,,,,,,,,,,,,
20/04/2016,8,968,V,,,,,,,,,,,,
21/04/2016,9,77,V,,,,,,,,,,,,
22/04/2016,9,297,V,,,,,,,,,,,,
23/04/2016,10,586,V,,,,,,,,,,,,
24/04/2016,10,571,V,,,,,,,,,,,,
25/04/2016,9,884,V,,,,,,,,,,,,
26/04/2016,10,95,V,,,,,,,,,,,,
27/04/2016,11,450,V,,,,,,,,,,,,
28/04/2016,11,456,V,,,,,,,,,,,,
29/04/2016,10,210,V,,,,,,,,,,,,
30/04/2016,9,99,V,,,,,,,,,,,,
01/05/2016,10,571,V,,,,,,,,,,,,
02/05/2016,13,45,V,,,,,,,,,,,,
03/05/2016,13,484,V,,,,,,,,,,,,
04/05/2016,10,965,V,,,,,,,,,,,,
05/05/2016,9,849,V,,,,,,,,,,,,
06/05/2016,8,825,V,,,,,,,,,,,,
07/05/2016,8,360,V,,,,,,,,,,,,
08/05/2016,7,709,V,,,,,,,,,,,,
09/05/2016,7,862,V,,,,,,,,,,,,
10/05/2016,7,465,V,,,,,,,,,,,,
11/05/2016,8,290,V,,,,,,,,,,,,
12/05/2016,14,424,V,,,,,,,,,,,,
13/05/2016,34,172,V,,,,,,,,,,,,
14/05/2016,31,102,V,,,,,,,,,,,,
15/05/2016,23,6,V,,,,,,,,,,,,
16/05/2016,20,24,V,,,,,,,,,,,,
17/05/2016,16,732,V,,,,,,,,,,,,
18/05/2016,14,996,V,,,,,,,,,,,,
19/05/2016,47,541,V,,,,,,,,,,,,
20/05/2016,42,460,V,,,,,,,,,,,,
21/05/2016,27,268,V,,,,,,,,,,,,
22/05/2016,22,71,V,,,,,,,,,,,,
23/05/2016,20,31,V,,,,,,,,,,,,
24/05/2016,18,987,V,,,,,,,,,,,,
25/05/2016,17,235,V,,,,,,,,,,,,
26/05/2016,15,596,V,,,,,,,,,,,,
27/05/2016,13,896,V,,,,,,,,,,,,
28/05/2016,12,838,V,,,,,,,,,,,,
29/05/2016,14,761,V,,,,,,,,,,,,
30/05/2016,22,769,V,,,,,,,,,,,,
31/05/2016,19,717,V,,,,,,,,,,,,
01/06/2016,44,144,V,,,,,,,,,,,,
02/06/2016,36,331,V,,,,,,,,,,,,
03/06/2016,117,574,V,,,,,,,,,,,,
04/06/2016,78,310,V,,,,,,,,,,,,
05/06/2016,47,373,V,,,,,,,,,,,,
06/06/2016,37,295,V,,,,,,,,,,,,
07/06/2016,30,656,V,,,,,,,,,,,,
08/06/2016,28,40,V,,,,,,,,,,,,
09/06/2016,25,770,V,,,,,,,,,,,,
10/06/2016,22,879,V,,,,,,,,,,,,
11/06/2016,21,196,V,,,,,,,,,,,,
12/06/2016,31,81,V,,,,,,,,,,,,
13/06/2016,22,531,V,,,,,,,,,,,,
14/06/2016,33,983,V,,,,,,,,,,,,
15/06/2016,28,496,V,,,,,,,,,,,,
16/06/2016,22,936,V,,,,,,,,,,,,
17/06/2016,23,71,V,,,,,,,,,,,,
18/06/2016,19,787,V,,,,,,,,,,,,
19/06/2016,19,87,V,,,,,,,,,,,,
20/06/2016,17,440,V,,,,,,,,,,,,
21/06/2016,15,975,V,,,,,,,,,,,,
22/06/2016,14,895,V,,,,,,,,,,,,
23/06/2016,13,898,V,,,,,,,,,,,,
24/06/2016,13,261,V,,,,,,,,,,,,
25/06/2016,12,278,V,,,,,,,,,,,,
26/06/2016,11,754,V,,,,,,,,,,,,
27/06/2016,11,726,V,,,,,,,,,,,,
28/06/2016,11,783,V,,,,,,,,,,,,
29/06/2016,10,740,V,,,,,,,,,,,,
30/06/2016,10,298,V,,,,,,,,,,,,
01/07/2016,9,367,V,,,,,,,,,,,,
02/07/2016,9,140,V,,,,,,,,,,,,
03/07/2016,8,846,V,,,,,,,,,,,,
04/07/2016,8,502,V,,,,,,,,,,,,
05/07/2016,8,109,V,,,,,,,,,,,,
06/07/2016,7,347,V,,,,,,,,,,,,
07/07/2016,7,353,V,,,,,,,,,,,,
08/07/2016,7,344,V,,,,,,,,,,,,
09/07/2016,7,202,V,,,,,,,,,,,,
10/07/2016,6,945,V,,,,,,,,,,,,
11/07/2016,6,831,V,,,,,,,,,,,,
12/07/2016,6,700,V,,,,,,,,,,,,
13/07/2016,5,615,V,,,,,,,,,,,,
14/07/2016,6,840,V,,,,,,,,,,,,
15/07/2016,6,707,V,,,,,,,,,,,,
16/07/2016,6,126,V,,,,,,,,,,,,
17/07/2016,5,724,V,,,,,,,,,,,,
18/07/2016,5,461,V,,,,,,,,,,,,
19/07/2016,5,404,V,,,,,,,,,,,,
20/07/2016,5,30,V,,,,,,,,,,,,
21/07/2016,4,842,V,,,,,,,,,,,,
22/07/2016,4,937,V,,,,,,,,,,,,
23/07/2016,4,550,V,,,,,,,,,,,,
24/07/2016,5,307,V,,,,,,,,,,,,
25/07/2016,5,313,V,,,,,,,,,,,,
26/07/2016,5,318,V,,,,,,,,,,,,
27/07/2016,5,833,V,,,,,,,,,,,,
28/07/2016,5,778,V,,,,,,,,,,,,
29/07/2016,5,194,V,,,,,,,,,,,,
30/07/2016,4,775,V,,,,,,,,,,,,
31/07/2016,4,619,V,,,,,,,,,,,,
01/08/2016,4,536,V,,,,,,,,,,,,
02/08/2016,4,412,V,,,,,,,,,,,,
03/08/2016,4,520,V,,,,,,,,,,,,
04/08/2016,4,371,V,,,,,,,,,,,,
05/08/2016,5,584,V,,,,,,,,,,,,
06/08/2016,5,983,V,,,,,,,,,,,,
07/08/2016,4,611,V,,,,,,,,,,,,
08/08/2016,4,423,V,,,,,,,,,,,,
09/08/2016,4,247,V,,,,,,,,,,,,
10/08/2016,7,578,V,,,,,,,,,,,,
11/08/2016,6,341,V,,,,,,,,,,,,
12/08/2016,4,654,V,,,,,,,,,,,,
13/08/2016,4,440,V,,,,,,,,,,,,
14/08/2016,4,203,V,,,,,,,,,,,,
15/08/2016,4,18,V,,,,,,,,,,,,
16/08/2016,3,850,V,,,,,,,,,,,,
17/08/2016,3,743,V,,,,,,,,,,,,
18/08/2016,3,668,V,,,,,,,,,,,,
19/08/2016,3,801,V,,,,,,,,,,,,
20/08/2016,3,855,V,,,,,,,,,,,,
21/08/2016,3,784,V,,,,,,,,,,,,
22/08/2016,3,748,V,,,,,,,,,,,,
23/08/2016,3,606,V,,,,,,,,,,,,
24/08/2016,3,545,V,,,,,,,,,,,,
25/08/2016,3,431,V,,,,,,,,,,,,
26/08/2016,3,323,V,,,,,,,,,,,,
27/08/2016,3,153,V,,,,,,,,,,,,
28/08/2016,3,36,V,,,,,,,,,,,,
29/08/2016,3,21,V,,,,,,,,,,,,
30/08/2016,3,109,V,,,,,,,,,,,,
31/08/2016,3,274,V,,,,,,,,,,,,
01/09/2016,3,150,V,,,,,,,,,,,,
02/09/2016,3,54,V,,,,,,,,,,,,
03/09/2016,3,104,V,,,,,,,,,,,,
04/09/2016,2,933,V,,,,,,,,,,,,
05/09/2016,2,955,V,,,,,,,,,,,,
06/09/2016,2,981,V,,,,,,,,,,,,
07/09/2016,2,881,V,,,,,,,,,,,,
08/09/2016,2,842,V,,,,,,,,,,,,
09/09/2016,2,882,V,,,,,,,,,,,,
10/09/2016,2,857,V,,,,,,,,,,,,
11/09/2016,2,770,V,,,,,,,,,,,,
12/09/2016,2,729,V,,,,,,,,,,,,
13/09/2016,2,831,V,,,,,,,,,,,,
14/09/2016,3,150,V,,,,,,,,,,,,
15/09/2016,3,448,V,,,,,,,,,,,,
16/09/2016,3,597,V,,,,,,,,,,,,
17/09/2016,4,968,V,,,,,,,,,,,,
18/09/2016,4,644,V,,,,,,,,,,,,
19/09/2016,4,321,V,,,,,,,,,,,,
20/09/2016,3,864,V,,,,,,,,,,,,
21/09/2016,3,822,V,,,,,,,,,,,,
22/09/2016,3,856,V,,,,,,,,,,,,
23/09/2016,3,688,V,,,,,,,,,,,,
24/09/2016,3,729,V,,,,,,,,,,,,
25/09/2016,3,543,V,,,,,,,,,,,,
26/09/2016,3,374,V,,,,,,,,,,,,
27/09/2016,3,312,V,,,,,,,,,,,,
28/09/2016,3,369,V,,,,,,,,,,,,
29/09/2016,4,156,V,,,,,,,,,,,,
30/09/2016,4,109,V,,,,,,,,,,,,
01/10/2016,4,178,V,,,,,,,,,,,,
02/10/2016,5,148,V,,,,,,,,,,,,
03/10/2016,4,925,V,,,,,,,,,,,,
04/10/2016,4,695,V,,,,,,,,,,,,
05/10/2016,4,532,V,,,,,,,,,,,,
06/10/2016,4,509,V,,,,,,,,,,,,
07/10/2016,4,382,V,,,,,,,,,,,,
08/10/2016,4,313,V,,,,,,,,,,,,
09/10/2016,4,357,V,,,,,,,,,,,,
10/10/2016,4,283,V,,,,,,,,,,,,
11/10/2016,4,285,V,,,,,,,,,,,,
12/10/2016,4,90,V,,,,,,,,,,,,
13/10/2016,4,4,V,,,,,,,,,,,,
14/10/2016,9,544,V,,,,,,,,,,,,
15/10/2016,15,291,V,,,,,,,,,,,,
16/10/2016,9,228,V,,,,,,,,,,,,
17/10/2016,7,494,V,,,,,,,,,,,,
18/10/2016,5,851,V,,,,,,,,,,,,
19/10/2016,5,792,V,,,,,,,,,,,,
20/10/2016,6,41,V,,,,,,,,,,,,
21/10/2016,7,975,V,,,,,,,,,,,,
22/10/2016,5,628,V,,,,,,,,,,,,
23/10/2016,5,3,V,,,,,,,,,,,,
24/10/2016,17,206,V,,,,,,,,,,,,
25/10/2016,14,317,V,,,,,,,,,,,,
26/10/2016,10,191,V,,,,,,,,,,,,
27/10/2016,22,654,V,,,,,,,,,,,,
28/10/2016,12,602,V,,,,,,,,,,,,
29/10/2016,8,941,V,,,,,,,,,,,,
30/10/2016,7,394,V,,,,,,,,,,,,
31/10/2016,6,577,V,,,,,,,,,,,,
01/11/2016,5,700,V,,,,,,,,,,,,
02/11/2016,6,152,V,,,,,,,,,,,,
03/11/2016,8,291,V,,,,,,,,,,,,
04/11/2016,6,441,V,,,,,,,,,,,,
05/11/2016,84,81,V,,,,,,,,,,,,
06/11/2016,204,730,V,,,,,,,,,,,,
07/11/2016,63,166,V,,,,,,,,,,,,
08/11/2016,34,435,V,,,,,,,,,,,,
09/11/2016,24,786,V,,,,,,,,,,,,
10/11/2016,20,307,V,,,,,,,,,,,,
11/11/2016,17,398,V,,,,,,,,,,,,
12/11/2016,16,86,V,,,,,,,,,,,,
13/11/2016,14,802,V,,,,,,,,,,,,
14/11/2016,13,339,V,,,,,,,,,,,,
15/11/2016,12,886,V,,,,,,,,,,,,
16/11/2016,11,453,V,,,,,,,,,,,,
17/11/2016,11,113,V,,,,,,,,,,,,
18/11/2016,20,229,V,,,,,,,,,,,,
19/11/2016,81,808,V,,,,,,,,,,,,
20/11/2016,39,707,V,,,,,,,,,,,,
21/11/2016,36,349,V,,,,,,,,,,,,
22/11/2016,55,891,V,,,,,,,,,,,,
23/11/2016,37,21,V,,,,,,,,,,,,
24/11/2016,32,940,V,,,,,,,,,,,,
25/11/2016,81,839,V,,,,,,,,,,,,
26/11/2016,51,755,V,,,,,,,,,,,,
27/11/2016,37,325,V,,,,,,,,,,,,
28/11/2016,30,963,V,,,,,,,,,,,,
29/11/2016,26,173,V,,,,,,,,,,,,
30/11/2016,21,557,V,,,,,,,,,,,,
01/12/2016,19,777,V,,,,,,,,,,,,
02/12/2016,16,987,V,,,,,,,,,,,,
03/12/2016,15,942,V,,,,,,,,,,,,
04/12/2016,15,223,V,,,,,,,,,,,,
05/12/2016,14,339,V,,,,,,,,,,,,
06/12/2016,14,18,V,,,,,,,,,,,,
07/12/2016,13,563,V,,,,,,,,,,,,
08/12/2016,13,135,V,,,,,,,,,,,,
09/12/2016,12,538,V,,,,,,,,,,,,
10/12/2016,12,408,V,,,,,,,,,,,,
11/12/2016,10,687,V,,,,,,,,,,,,
12/12/2016,10,935,V,,,,,,,,,,,,
13/12/2016,10,773,V,,,,,,,,,,,,
14/12/2016,9,933,V,,,,,,,,,,,,
15/12/2016,9,991,V,,,,,,,,,,,,
16/12/2016,9,554,V,,,,,,,,,,,,
17/12/2016,8,777,V,,,,,,,,,,,,
18/12/2016,,@,,,,,,,,,,,,,
19/12/2016,,@,,,,,,,,,,,,,
20/12/2016,8,725,V,,,,,,,,,,,,
21/12/2016,7,990,V,,,,,,,,,,,,
22/12/2016,7,967,V,,,,,,,,,,,,
23/12/2016,8,266,V,,,,,,,,,,,,
24/12/2016,7,565,V,,,,,,,,,,,,
25/12/2016,7,353,V,,,,,,,,,,,,
26/12/2016,7,118,V,,,,,,,,,,,,
27/12/2016,7,77,V,,,,,,,,,,,,
28/12/2016,6,724,V,,,,,,,,,,,,
29/12/2016,,@,,,,,,,,,,,,,
30/12/2016,,@,,,,,,,,,,,,,
31/12/2016,,@,,,,,,,,,,,,,
01/01/2017,,@,,,,,,,,,,,,,
02/01/2017,10,391,V,,,,,,,,,,,,
03/01/2017,13,896,V,,,,,,,,,,,,
04/01/2017,,@,,,,,,,,,,,,,
05/01/2017,11,550,V,,,,,,,,,,,,
06/01/2017,,@,,,,,,,,,,,,,
07/01/2017,10,748,V,,,,,,,,,,,,
08/01/2017,10,347,V,,,,,,,,,,,,
09/01/2017,10,195,V,,,,,,,,,,,,
10/01/2017,10,555,V,,,,,,,,,,,,
11/01/2017,10,828,V,,,,,,,,,,,,
12/01/2017,10,411,V,,,,,,,,,,,,
13/01/2017,35,344,V,,,,,,,,,,,,
14/01/2017,20,14,V,,,,,,,,,,,,
15/01/2017,14,757,V,,,,,,,,,,,,
16/01/2017,13,446,V,,,,,,,,,,,,
17/01/2017,13,124,V,,,,,,,,,,,,
18/01/2017,12,641,V,,,,,,,,,,,,
19/01/2017,11,999,V,,,,,,,,,,,,
20/01/2017,11,562,V,,,,,,,,,,,,
21/01/2017,11,253,V,,,,,,,,,,,,
22/01/2017,11,96,V,,,,,,,,,,,,
23/01/2017,10,980,V,,,,,,,,,,,,
24/01/2017,10,680,V,,,,,,,,,,,,
25/01/2017,10,728,V,,,,,,,,,,,,
26/01/2017,10,627,V,,,,,,,,,,,,
27/01/2017,10,804,V,,,,,,,,,,,,
28/01/2017,10,194,V,,,,,,,,,,,,
29/01/2017,10,142,V,,,,,,,,,,,,
30/01/2017,10,635,V,,,,,,,,,,,,
31/01/2017,22,618,V,,,,,,,,,,,,
01/02/2017,119,431,V,,,,,,,,,,,,
02/02/2017,80,200,V,,,,,,,,,,,,
03/02/2017,204,870,V,,,,,,,,,,,,
04/02/2017,248,730,V,,,,,,,,,,,,
05/02/2017,312,784,V,,,,,,,,,,,,
06/02/2017,248,964,V,,,,,,,,,,,,
07/02/2017,115,452,V,,,,,,,,,,,,
08/02/2017,76,752,V,,,,,,,,,,,,
09/02/2017,56,347,V,,,,,,,,,,,,
10/02/2017,45,664,V,,,,,,,,,,,,
11/02/2017,39,443,V,,,,,,,,,,,,
12/02/2017,32,611,V,,,,,,,,,,,,
13/02/2017,30,956,V,,,,,,,,,,,,
14/02/2017,27,811,V,,,,,,,,,,,,
15/02/2017,25,645,V,,,,,,,,,,,,
16/02/2017,24,25,V,,,,,,,,,,,,
17/02/2017,23,839,V,,,,,,,,,,,,
18/02/2017,24,208,V,,,,,,,,,,,,
19/02/2017,21,848,V,,,,,,,,,,,,
20/02/2017,20,743,V,,,,,,,,,,,,
21/02/2017,19,544,V,,,,,,,,,,,,
22/02/2017,18,492,V,,,,,,,,,,,,
23/02/2017,18,212,V,,,,,,,,,,,,
24/02/2017,21,909,V,,,,,,,,,,,,
25/02/2017,26,469,V,,,,,,,,,,,,
26/02/2017,21,272,V,,,,,,,,,,,,
27/02/2017,21,261,V,,,,,,,,,,,,
28/02/2017,27,321,V,,,,,,,,,,,,
01/03/2017,46,58,V,,,,,,,,,,,,
02/03/2017,38,962,V,,,,,,,,,,,,
03/03/2017,37,798,V,,,,,,,,,,,,
04/03/2017,72,390,V,,,,,,,,,,,,
05/03/2017,119,61,V,,,,,,,,,,,,
06/03/2017,85,229,V,,,,,,,,,,,,
07/03/2017,74,32,V,,,,,,,,,,,,
08/03/2017,50,351,V,,,,,,,,,,,,
09/03/2017,40,622,V,,,,,,,,,,,,
10/03/2017,33,475,V,,,,,,,,,,,,
11/03/2017,30,195,V,,,,,,,,,,,,
12/03/2017,27,48,V,,,,,,,,,,,,
13/03/2017,24,887,V,,,,,,,,,,,,
14/03/2017,23,179,V,,,,,,,,,,,,
15/03/2017,22,423,V,,,,,,,,,,,,
16/03/2017,21,794,V,,,,,,,,,,,,
17/03/2017,20,356,V,,,,,,,,,,,,
18/03/2017,18,892,V,,,,,,,,,,,,
19/03/2017,18,251,V,,,,,,,,,,,,
20/03/2017,17,450,V,,,,,,,,,,,,
21/03/2017,16,932,V,,,,,,,,,,,,
22/03/2017,16,682,V,,,,,,,,,,,,
23/03/2017,17,696,V,,,,,,,,,,,,
24/03/2017,18,791,V,,,,,,,,,,,,
25/03/2017,17,980,V,,,,,,,,,,,,
26/03/2017,17,282,V,,,,,,,,,,,,
27/03/2017,16,793,V,,,,,,,,,,,,
28/03/2017,16,9,V,,,,,,,,,,,,
29/03/2017,15,516,V,,,,,,,,,,,,
30/03/2017,15,14,V,,,,,,,,,,,,
31/03/2017,14,416,V,,,,,,,,,,,,
01/04/2017,14,32,V,,,,,,,,,,,,
02/04/2017,13,855,V,,,,,,,,,,,,
03/04/2017,13,427,V,,,,,,,,,,,,
04/04/2017,13,241,V,,,,,,,,,,,,
05/04/2017,13,326,V,,,,,,,,,,,,
06/04/2017,12,839,V,,,,,,,,,,,,
07/04/2017,12,610,V,,,,,,,,,,,,
08/04/2017,12,393,V,,,,,,,,,,,,
09/04/2017,12,100,V,,,,,,,,,,,,
10/04/2017,12,56,V,,,,,,,,,,,,
11/04/2017,11,879,V,,,,,,,,,,,,
12/04/2017,11,606,V,,,,,,,,,,,,
13/04/2017,11,450,V,,,,,,,,,,,,
14/04/2017,10,956,V,,,,,,,,,,,,
15/04/2017,10,980,V,,,,,,,,,,,,
16/04/2017,11,321,V,,,,,,,,,,,,
17/04/2017,10,655,V,,,,,,,,,,,,
18/04/2017,10,427,V,,,,,,,,,,,,
19/04/2017,10,431,V,,,,,,,,,,,,
20/04/2017,9,898,V,,,,,,,,,,,,
21/04/2017,9,777,V,,,,,,,,,,,,
22/04/2017,9,641,V,,,,,,,,,,,,
23/04/2017,9,248,V,,,,,,,,,,,,
24/04/2017,9,849,V,,,,,,,,,,,,
25/04/2017,10,14,V,,,,,,,,,,,,
26/04/2017,19,856,V,,,,,,,,,,,,
27/04/2017,78,57,V,,,,,,,,,,,,
28/04/2017,37,134,V,,,,,,,,,,,,
29/04/2017,23,510,V,,,,,,,,,,,,
30/04/2017,17,897,V,,,,,,,,,,,,
01/05/2017,17,302,V,,,,,,,,,,,,
02/05/2017,17,504,V,,,,,,,,,,,,
03/05/2017,37,634,V,,,,,,,,,,,,
04/05/2017,30,179,V,,,,,,,,,,,,
05/05/2017,32,129,V,,,,,,,,,,,,
06/05/2017,38,514,V,,,,,,,,,,,,
07/05/2017,74,399,V,,,,,,,,,,,,
08/05/2017,40,36,V,,,,,,,,,,,,
09/05/2017,31,92,V,,,,,,,,,,,,
10/05/2017,25,991,V,,,,,,,,,,,,
11/05/2017,22,371,V,,,,,,,,,,,,
12/05/2017,19,299,V,,,,,,,,,,,,
13/05/2017,17,908,V,,,,,,,,,,,,
14/05/2017,16,490,V,,,,,,,,,,,,
15/05/2017,16,327,V,,,,,,,,,,,,
16/05/2017,15,987,V,,,,,,,,,,,,
17/05/2017,14,849,V,,,,,,,,,,,,
18/05/2017,14,597,V,,,,,,,,,,,,
19/05/2017,14,420,V,,,,,,,,,,,,
20/05/2017,14,660,V,,,,,,,,,,,,
21/05/2017,14,510,V,,,,,,,,,,,,
22/05/2017,13,656,V,,,,,,,,,,,,
23/05/2017,13,299,V,,,,,,,,,,,,
24/05/2017,12,469,V,,,,,,,,,,,,
25/05/2017,12,35,V,,,,,,,,,,,,
26/05/2017,11,907,V,,,,,,,,,,,,
27/05/2017,11,510,V,,,,,,,,,,,,
28/05/2017,11,97,V,,,,,,,,,,,,
29/05/2017,11,4,V,,,,,,,,,,,,
30/05/2017,10,772,V,,,,,,,,,,,,
31/05/2017,10,174,V,,,,,,,,,,,,
01/06/2017,9,765,V,,,,,,,,,,,,
02/06/2017,9,633,V,,,,,,,,,,,,
03/06/2017,9,557,V,,,,,,,,,,,,
04/06/2017,8,993,V,,,,,,,,,,,,
05/06/2017,9,677,V,,,,,,,,,,,,
06/06/2017,9,437,V,,,,,,,,,,,,
07/06/2017,9,244,V,,,,,,,,,,,,
08/06/2017,9,228,V,,,,,,,,,,,,
09/06/2017,8,905,V,,,,,,,,,,,,
10/06/2017,8,734,V,,,,,,,,,,,,
11/06/2017,8,485,V,,,,,,,,,,,,
12/06/2017,8,261,V,,,,,,,,,,,,
13/06/2017,8,238,V,,,,,,,,,,,,
14/06/2017,8,78,V,,,,,,,,,,,,
15/06/2017,7,956,V,,,,,,,,,,,,
16/06/2017,8,237,V,,,,,,,,,,,,
17/06/2017,8,361,V,,,,,,,,,,,,
18/06/2017,8,106,V,,,,,,,,,,,,
19/06/2017,8,154,V,,,,,,,,,,,,
20/06/2017,7,923,V,,,,,,,,,,,,
21/06/2017,7,431,V,,,,,,,,,,,,
22/06/2017,7,364,V,,,,,,,,,,,,
23/06/2017,7,281,V,,,,,,,,,,,,
24/06/2017,6,952,V,,,,,,,,,,,,
25/06/2017,7,74,V,,,,,,,,,,,,
26/06/2017,7,823,V,,,,,,,,,,,,
27/06/2017,8,153,V,,,,,,,,,,,,
28/06/2017,9,575,V,,,,,,,,,,,,
29/06/2017,12,617,V,,,,,,,,,,,,
30/06/2017,9,569,V,,,,,,,,,,,,
01/07/2017,8,810,V,,,,,,,,,,,,
02/07/2017,8,314,V,,,,,,,,,,,,
03/07/2017,7,708,V,,,,,,,,,,,,
04/07/2017,7,538,V,,,,,,,,,,,,
05/07/2017,7,115,V,,,,,,,,,,,,
06/07/2017,6,618,V,,,,,,,,,,,,
07/07/2017,6,472,V,,,,,,,,,,,,
08/07/2017,6,142,V,,,,,,,,,,,,
09/07/2017,5,800,V,,,,,,,,,,,,
10/07/2017,5,596,V,,,,,,,,,,,,
11/07/2017,5,734,V,,,,,,,,,,,,
12/07/2017,6,662,V,,,,,,,,,,,,
13/07/2017,6,63,V,,,,,,,,,,,,
14/07/2017,7,321,V,,,,,,,,,,,,
15/07/2017,7,272,V,,,,,,,,,,,,
16/07/2017,,@,,,,,,,,,,,,,
17/07/2017,5,926,V,,,,,,,,,,,,
18/07/2017,5,631,V,,,,,,,,,,,,
19/07/2017,5,431,V,,,,,,,,,,,,
20/07/2017,5,243,V,,,,,,,,,,,,
21/07/2017,3,989,V,,,,,,,,,,,,
22/07/2017,3,960,V,,,,,,,,,,,,
23/07/2017,3,845,V,,,,,,,,,,,,
24/07/2017,4,251,V,,,,,,,,,,,,
25/07/2017,4,284,V,,,,,,,,,,,,
26/07/2017,4,264,V,,,,,,,,,,,,
27/07/2017,4,119,V,,,,,,,,,,,,
28/07/2017,4,155,V,,,,,,,,,,,,
29/07/2017,3,771,V,,,,,,,,,,,,
30/07/2017,3,536,V,,,,,,,,,,,,
31/07/2017,3,419,V,,,,,,,,,,,,
01/08/2017,3,457,V,,,,,,,,,,,,
02/08/2017,3,416,V,,,,,,,,,,,,
03/08/2017,3,445,V,,,,,,,,,,,,
04/08/2017,3,647,V,,,,,,,,,,,,
05/08/2017,3,366,V,,,,,,,,,,,,
06/08/2017,3,121,V,,,,,,,,,,,,
07/08/2017,3,295,V,,,,,,,,,,,,
08/08/2017,3,73,V,,,,,,,,,,,,
09/08/2017,2,816,V,,,,,,,,,,,,
10/08/2017,2,743,V,,,,,,,,,,,,
11/08/2017,2,872,V,,,,,,,,,,,,
12/08/2017,3,251,V,,,,,,,,,,,,
13/08/2017,3,254,V,,,,,,,,,,,,
14/08/2017,3,312,V,,,,,,,,,,,,
15/08/2017,3,97,V,,,,,,,,,,,,
16/08/2017,2,915,V,,,,,,,,,,,,
17/08/2017,2,797,V,,,,,,,,,,,,
18/08/2017,2,850,V,,,,,,,,,,,,
19/08/2017,2,655,V,,,,,,,,,,,,
20/08/2017,2,561,V,,,,,,,,,,,,
21/08/2017,2,393,V,,,,,,,,,,,,
22/08/2017,2,391,V,,,,,,,,,,,,
23/08/2017,2,441,V,,,,,,,,,,,,
24/08/2017,2,377,V,,,,,,,,,,,,
25/08/2017,3,454,V,,,,,,,,,,,,
26/08/2017,2,583,V,,,,,,,,,,,,
27/08/2017,2,476,V,,,,,,,,,,,,
28/08/2017,2,366,V,,,,,,,,,,,,
29/08/2017,2,400,V,,,,,,,,,,,,
30/08/2017,2,473,V,,,,,,,,,,,,
31/08/2017,2,366,V,,,,,,,,,,,,
01/09/2017,2,802,V,,,,,,,,,,,,
02/09/2017,2,572,V,,,,,,,,,,,,
03/09/2017,2,490,V,,,,,,,,,,,,
04/09/2017,2,396,V,,,,,,,,,,,,
05/09/2017,2,464,V,,,,,,,,,,,,
06/09/2017,2,506,V,,,,,,,,,,,,
07/09/2017,2,503,V,,,,,,,,,,,,
08/09/2017,3,789,V,,,,,,,,,,,,
09/09/2017,3,124,V,,,,,,,,,,,,
10/09/2017,9,553,V,,,,,,,,,,,,
11/09/2017,9,336,V,,,,,,,,,,,,
12/09/2017,7,550,V,,,,,,,,,,,,
13/09/2017,7,409,V,,,,,,,,,,,,
14/09/2017,16,12,V,,,,,,,,,,,,
15/09/2017,23,272,V,,,,,,,,,,,,
16/09/2017,14,18,V,,,,,,,,,,,,
17/09/2017,11,121,V,,,,,,,,,,,,
18/09/2017,9,424,V,,,,,,,,,,,,
19/09/2017,13,385,V,,,,,,,,,,,,
20/09/2017,11,201,V,,,,,,,,,,,,
21/09/2017,8,588,V,,,,,,,,,,,,
22/09/2017,7,943,V,,,,,,,,,,,,
23/09/2017,7,486,V,,,,,,,,,,,,
24/09/2017,6,468,V,,,,,,,,,,,,
25/09/2017,6,630,V,,,,,,,,,,,,
26/09/2017,6,591,V,,,,,,,,,,,,
27/09/2017,5,973,V,,,,,,,,,,,,
28/09/2017,5,608,V,,,,,,,,,,,,
29/09/2017,5,149,V,,,,,,,,,,,,
30/09/2017,5,43,V,,,,,,,,,,,,
01/10/2017,4,961,V,,,,,,,,,,,,
02/10/2017,4,926,V,,,,,,,,,,,,
03/10/2017,5,67,V,,,,,,,,,,,,
04/10/2017,5,236,V,,,,,,,,,,,,
05/10/2017,4,808,V,,,,,,,,,,,,
06/10/2017,4,624,V,,,,,,,,,,,,
07/10/2017,4,456,V,,,,,,,,,,,,
08/10/2017,4,212,V,,,,,,,,,,,,
09/10/2017,4,28,V,,,,,,,,,,,,
10/10/2017,4,23,V,,,,,,,,,,,,
11/10/2017,3,981,V,,,,,,,,,,,,
12/10/2017,3,959,V,,,,,,,,,,,,
13/10/2017,3,953,V,,,,,,,,,,,,
14/10/2017,3,867,V,,,,,,,,,,,,
15/10/2017,3,816,V,,,,,,,,,,,,
16/10/2017,3,704,V,,,,,,,,,,,,
17/10/2017,3,596,V,,,,,,,,,,,,
18/10/2017,3,643,V,,,,,,,,,,,,
19/10/2017,3,485,V,,,,,,,,,,,,
20/10/2017,3,460,V,,,,,,,,,,,,
21/10/2017,3,415,V,,,,,,,,,,,,
22/10/2017,3,995,V,,,,,,,,,,,,
23/10/2017,4,311,V,,,,,,,,,,,,
24/10/2017,3,947,V,,,,,,,,,,,,
25/10/2017,3,857,V,,,,,,,,,,,,
26/10/2017,3,664,V,,,,,,,,,,,,
27/10/2017,3,884,V,,,,,,,,,,,,
28/10/2017,3,685,V,,,,,,,,,,,,
29/10/2017,3,633,V,,,,,,,,,,,,
30/10/2017,3,593,V,,,,,,,,,,,,
31/10/2017,3,460,V,,,,,,,,,,,,
01/11/2017,3,472,V,,,,,,,,,,,,
02/11/2017,3,555,V,,,,,,,,,,,,
03/11/2017,3,558,V,,,,,,,,,,,,
04/11/2017,3,457,V,,,,,,,,,,,,
05/11/2017,5,385,V,,,,,,,,,,,,
06/11/2017,10,415,V,,,,,,,,,,,,
07/11/2017,13,711,V,,,,,,,,,,,,
08/11/2017,13,308,V,,,,,,,,,,,,
09/11/2017,10,559,V,,,,,,,,,,,,
10/11/2017,10,194,V,,,,,,,,,,,,
11/11/2017,8,900,V,,,,,,,,,,,,
12/11/2017,7,889,V,,,,,,,,,,,,
13/11/2017,9,290,V,,,,,,,,,,,,
14/11/2017,11,233,V,,,,,,,,,,,,
15/11/2017,9,321,V,,,,,,,,,,,,
16/11/2017,8,444,V,,,,,,,,,,,,
17/11/2017,8,297,V,,,,,,,,,,,,
18/11/2017,8,712,V,,,,,,,,,,,,
19/11/2017,8,170,V,,,,,,,,,,,,
20/11/2017,8,119,V,,,,,,,,,,,,
21/11/2017,7,578,V,,,,,,,,,,,,
22/11/2017,7,206,V,,,,,,,,,,,,
23/11/2017,7,56,V,,,,,,,,,,,,
24/11/2017,6,921,V,,,,,,,,,,,,
25/11/2017,26,660,V,,,,,,,,,,,,
26/11/2017,38,953,V,,,,,,,,,,,,
27/11/2017,17,115,V,,,,,,,,,,,,
28/11/2017,14,182,V,,,,,,,,,,,,
29/11/2017,14,40,V,,,,,,,,,,,,
30/11/2017,13,603,V,,,,,,,,,,,,
01/12/2017,12,95,V,,,,,,,,,,,,
02/12/2017,10,972,V,,,,,,,,,,,,
03/12/2017,9,789,V,,,,,,,,,,,,
04/12/2017,9,292,V,,,,,,,,,,,,
05/12/2017,8,725,V,,,,,,,,,,,,
06/12/2017,8,281,V,,,,,,,,,,,,
07/12/2017,7,875,V,,,,,,,,,,,,
08/12/2017,152,550,V,,,,,,,,,,,,
09/12/2017,102,335,V,,,,,,,,,,,,
10/12/2017,56,106,V,,,,,,,,,,,,
11/12/2017,652,977,V,,,,,,,,,,,,
12/12/2017,727,330,V,,,,,,,,,,,,
13/12/2017,190,156,V,,,,,,,,,,,,
14/12/2017,196,669,V,,,,,,,,,,,,
15/12/2017,179,515,V,,,,,,,,,,,,
16/12/2017,146,337,V,,,,,,,,,,,,
17/12/2017,107,947,V,,,,,,,,,,,,
18/12/2017,91,628,V,,,,,,,,,,,,
19/12/2017,72,910,V,,,,,,,,,,,,
20/12/2017,64,197,V,,,,,,,,,,,,
21/12/2017,52,604,,,,,,,,,,,,,
22/12/2017,47,448,V,,,,,,,,,,,,
23/12/2017,47,262,V,,,,,,,,,,,,
24/12/2017,41,232,V,,,,,,,,,,,,
25/12/2017,36,507,V,,,,,,,,,,,,
26/12/2017,54,192,V,,,,,,,,,,,,
27/12/2017,226,219,V,,,,,,,,,,,,
28/12/2017,186,788,V,,,,,,,,,,,,
29/12/2017,114,53,V,,,,,,,,,,,,
30/12/2017,89,810,V,,,,,,,,,,,,
31/12/2017,74,396,V,,,,,,,,,,,,
01/01/2018,109,727,V,,,,,,,,,,,,
02/01/2018,108,709,V,,,,,,,,,,,,
03/01/2018,84,550,V,,,,,,,,,,,,
04/01/2018,72,199,V,,,,,,,,,,,,
05/01/2018,60,44,V,,,,,,,,,,,,
06/01/2018,56,665,V,,,,,,,,,,,,
07/01/2018,55,48,V,,,,,,,,,,,,
08/01/2018,48,281,V,,,,,,,,,,,,
09/01/2018,52,330,V,,,,,,,,,,,,
10/01/2018,45,568,V,,,,,,,,,,,,
11/01/2018,42,605,V,,,,,,,,,,,,
12/01/2018,36,480,V,,,,,,,,,,,,
13/01/2018,30,274,V,,,,,,,,,,,,
14/01/2018,,@,,,,,,,,,,,,,
15/01/2018,30,800,V,,,,,,,,,,,,
16/01/2018,34,287,V,,,,,,,,,,,,
17/01/2018,56,952,V,,,,,,,,,,,,
18/01/2018,,@,,,,,,,,,,,,,
19/01/2018,33,427,V,,,,,,,,,,,,
20/01/2018,30,768,V,,,,,,,,,,,,
21/01/2018,27,272,V,,,,,,,,,,,,
22/01/2018,25,994,V,,,,,,,,,,,,
23/01/2018,24,307,V,,,,,,,,,,,,
24/01/2018,23,720,V,,,,,,,,,,,,
25/01/2018,21,999,V,,,,,,,,,,,,
26/01/2018,20,817,V,,,,,,,,,,,,
27/01/2018,21,49,V,,,,,,,,,,,,
28/01/2018,19,989,V,,,,,,,,,,,,
29/01/2018,19,494,V,,,,,,,,,,,,
30/01/2018,18,898,V,,,,,,,,,,,,
31/01/2018,19,59,V,,,,,,,,,,,,
01/02/2018,114,88,V,,,,,,,,,,,,
02/02/2018,209,639,V,,,,,,,,,,,,
03/02/2018,116,479,V,,,,,,,,,,,,
04/02/2018,,@,,,,,,,,,,,,,
05/02/2018,47,851,V,,,,,,,,,,,,
06/02/2018,39,78,V,,,,,,,,,,,,
07/02/2018,33,468,V,,,,,,,,,,,,
08/02/2018,29,49,V,,,,,,,,,,,,
09/02/2018,25,121,V,,,,,,,,,,,,
10/02/2018,23,399,V,,,,,,,,,,,,
11/02/2018,,@,,,,,,,,,,,,,
12/02/2018,22,74,V,,,,,,,,,,,,
13/02/2018,20,780,V,,,,,,,,,,,,
14/02/2018,20,32,V,,,,,,,,,,,,
15/02/2018,,@,,,,,,,,,,,,,
16/02/2018,18,665,V,,,,,,,,,,,,
17/02/2018,18,659,V,,,,,,,,,,,,
18/02/2018,40,707,V,,,,,,,,,,,,
19/02/2018,26,951,V,,,,,,,,,,,,
20/02/2018,,@,,,,,,,,,,,,,
21/02/2018,21,571,V,,,,,,,,,,,,
22/02/2018,20,590,V,,,,,,,,,,,,
23/02/2018,19,388,V,,,,,,,,,,,,
24/02/2018,17,777,V,,,,,,,,,,,,
25/02/2018,17,321,V,,,,,,,,,,,,
26/02/2018,16,446,@,,,,,,,,,,,,
27/02/2018,,@,,,,,,,,,,,,,
28/02/2018,12,292,V,,,,,,,,,,,,
01/03/2018,16,683,V,,,,,,,,,,,,
02/03/2018,37,956,V,,,,,,,,,,,,
03/03/2018,90,355,V,,,,,,,,,,,,
04/03/2018,69,606,V,,,,,,,,,,,,
05/03/2018,47,877,V,,,,,,,,,,,,
06/03/2018,40,676,V,,,,,,,,,,,,
07/03/2018,60,546,V,,,,,,,,,,,,
08/03/2018,49,559,V,,,,,,,,,,,,
09/03/2018,36,479,V,,,,,,,,,,,,
10/03/2018,35,331,V,,,,,,,,,,,,
11/03/2018,216,977,V,,,,,,,,,,,,
12/03/2018,348,698,V,,,,,,,,,,,,
13/03/2018,202,129,V,,,,,,,,,,,,
14/03/2018,131,908,V,,,,,,,,,,,,
15/03/2018,182,3,V,,,,,,,,,,,,
16/03/2018,289,688,V,,,,,,,,,,,,
17/03/2018,165,472,V,,,,,,,,,,,,
18/03/2018,150,108,V,,,,,,,,,,,,
19/03/2018,127,984,V,,,,,,,,,,,,
20/03/2018,102,282,V,,,,,,,,,,,,
21/03/2018,84,76,V,,,,,,,,,,,,
22/03/2018,73,368,V,,,,,,,,,,,,
23/03/2018,64,651,V,,,,,,,,,,,,
24/03/2018,55,428,V,,,,,,,,,,,,
25/03/2018,46,620,V,,,,,,,,,,,,
26/03/2018,41,463,V,,,,,,,,,,,,
27/03/2018,37,895,V,,,,,,,,,,,,
28/03/2018,35,671,V,,,,,,,,,,,,
29/03/2018,49,931,V,,,,,,,,,,,,
30/03/2018,60,674,V,,,,,,,,,,,,
31/03/2018,85,331,V,,,,,,,,,,,,
01/04/2018,87,261,V,,,,,,,,,,,,
02/04/2018,64,710,V,,,,,,,,,,,,
03/04/2018,54,811,V,,,,,,,,,,,,
04/04/2018,136,516,V,,,,,,,,,,,,
05/04/2018,195,793,V,,,,,,,,,,,,
06/04/2018,107,978,V,,,,,,,,,,,,
07/04/2018,80,903,V,,,,,,,,,,,,
08/04/2018,67,793,V,,,,,,,,,,,,
09/04/2018,64,135,V,,,,,,,,,,,,
10/04/2018,73,228,V,,,,,,,,,,,,
11/04/2018,78,660,V,,,,,,,,,,,,
12/04/2018,206,681,V,,,,,,,,,,,,
13/04/2018,119,463,V,,,,,,,,,,,,
14/04/2018,90,3,V,,,,,,,,,,,,
15/04/2018,74,983,V,,,,,,,,,,,,
16/04/2018,63,612,V,,,,,,,,,,,,
17/04/2018,56,66,V,,,,,,,,,,,,
18/04/2018,51,231,V,,,,,,,,,,,,
19/04/2018,47,566,V,,,,,,,,,,,,
20/04/2018,39,358,V,,,,,,,,,,,,
21/04/2018,34,845,V,,,,,,,,,,,,
22/04/2018,31,654,V,,,,,,,,,,,,
23/04/2018,29,600,V,,,,,,,,,,,,
24/04/2018,27,654,V,,,,,,,,,,,,
25/04/2018,25,293,V,,,,,,,,,,,,
26/04/2018,24,637,V,,,,,,,,,,,,
27/04/2018,23,564,V,,,,,,,,,,,,
28/04/2018,22,215,V,,,,,,,,,,,,
29/04/2018,21,305,V,,,,,,,,,,,,
30/04/2018,21,159,V,,,,,,,,,,,,
01/05/2018,20,680,V,,,,,,,,,,,,
02/05/2018,23,459,V,,,,,,,,,,,,
03/05/2018,22,118,V,,,,,,,,,,,,
04/05/2018,20,936,V,,,,,,,,,,,,
05/05/2018,19,799,V,,,,,,,,,,,,
06/05/2018,19,348,V,,,,,,,,,,,,
07/05/2018,18,780,V,,,,,,,,,,,,
08/05/2018,19,481,V,,,,,,,,,,,,
09/05/2018,20,353,V,,,,,,,,,,,,
10/05/2018,24,846,V,,,,,,,,,,,,
11/05/2018,22,52,V,,,,,,,,,,,,
12/05/2018,19,583,V,,,,,,,,,,,,
13/05/2018,18,371,V,,,,,,,,,,,,
14/05/2018,22,608,V,,,,,,,,,,,,
15/05/2018,21,82,V,,,,,,,,,,,,
16/05/2018,19,305,V,,,,,,,,,,,,
17/05/2018,18,885,V,,,,,,,,,,,,
18/05/2018,18,743,V,,,,,,,,,,,,
19/05/2018,17,593,V,,,,,,,,,,,,
20/05/2018,18,521,V,,,,,,,,,,,,
21/05/2018,18,349,V,,,,,,,,,,,,
22/05/2018,21,532,V,,,,,,,,,,,,
23/05/2018,21,897,V,,,,,,,,,,,,
24/05/2018,19,269,V,,,,,,,,,,,,
25/05/2018,18,102,V,,,,,,,,,,,,
26/05/2018,17,101,V,,,,,,,,,,,,
27/05/2018,17,494,V,,,,,,,,,,,,
28/05/2018,19,232,V,,,,,,,,,,,,
29/05/2018,17,947,V,,,,,,,,,,,,
30/05/2018,16,934,V,,,,,,,,,,,,
31/05/2018,15,839,V,,,,,,,,,,,,
01/06/2018,14,560,V,,,,,,,,,,,,
02/06/2018,14,440,V,,,,,,,,,,,,
03/06/2018,13,669,V,,,,,,,,,,,,
04/06/2018,13,603,V,,,,,,,,,,,,
05/06/2018,13,651,V,,,,,,,,,,,,
06/06/2018,13,185,V,,,,,,,,,,,,
07/06/2018,12,427,V,,,,,,,,,,,,
08/06/2018,13,795,V,,,,,,,,,,,,
09/06/2018,12,899,V,,,,,,,,,,,,
10/06/2018,12,301,V,,,,,,,,,,,,
11/06/2018,11,805,V,,,,,,,,,,,,
12/06/2018,11,698,V,,,,,,,,,,,,
13/06/2018,15,547,V,,,,,,,,,,,,
14/06/2018,14,46,V,,,,,,,,,,,,
15/06/2018,12,206,V,,,,,,,,,,,,
16/06/2018,11,83,V,,,,,,,,,,,,
17/06/2018,10,361,V,,,,,,,,,,,,
18/06/2018,10,420,V,,,,,,,,,,,,
19/06/2018,10,52,V,,,,,,,,,,,,
20/06/2018,9,463,V,,,,,,,,,,,,
21/06/2018,9,877,V,,,,,,,,,,,,
22/06/2018,9,401,V,,,,,,,,,,,,
23/06/2018,9,135,V,,,,,,,,,,,,
24/06/2018,9,102,V,,,,,,,,,,,,
25/06/2018,8,934,V,,,,,,,,,,,,
26/06/2018,8,613,V,,,,,,,,,,,,
27/06/2018,8,488,V,,,,,,,,,,,,
28/06/2018,8,116,V,,,,,,,,,,,,
29/06/2018,8,9,V,,,,,,,,,,,,
30/06/2018,7,816,V,,,,,,,,,,,,
01/07/2018,7,498,V,,,,,,,,,,,,
02/07/2018,7,826,V,,,,,,,,,,,,
03/07/2018,6,973,V,,,,,,,,,,,,
04/07/2018,7,341,V,,,,,,,,,,,,
05/07/2018,7,139,V,,,,,,,,,,,,
06/07/2018,6,951,V,,,,,,,,,,,,
07/07/2018,7,290,V,,,,,,,,,,,,
08/07/2018,6,686,V,,,,,,,,,,,,
09/07/2018,6,615,V,,,,,,,,,,,,
10/07/2018,6,696,V,,,,,,,,,,,,
11/07/2018,7,441,V,,,,,,,,,,,,
12/07/2018,8,56,V,,,,,,,,,,,,
13/07/2018,7,222,V,,,,,,,,,,,,
14/07/2018,6,31,V,,,,,,,,,,,,
15/07/2018,5,698,V,,,,,,,,,,,,
16/07/2018,5,589,V,,,,,,,,,,,,
17/07/2018,6,92,V,,,,,,,,,,,,
18/07/2018,5,854,V,,,,,,,,,,,,
19/07/2018,5,493,V,,,,,,,,,,,,
20/07/2018,5,668,V,,,,,,,,,,,,
21/07/2018,13,769,V,,,,,,,,,,,,
22/07/2018,7,454,V,,,,,,,,,,,,
23/07/2018,5,570,V,,,,,,,,,,,,
24/07/2018,5,515,V,,,,,,,,,,,,
25/07/2018,5,698,V,,,,,,,,,,,,
26/07/2018,5,176,V,,,,,,,,,,,,
27/07/2018,5,112,V,,,,,,,,,,,,
28/07/2018,4,804,V,,,,,,,,,,,,
29/07/2018,4,645,V,,,,,,,,,,,,
30/07/2018,4,514,V,,,,,,,,,,,,
31/07/2018,4,822,V,,,,,,,,,,,,
01/08/2018,4,974,V,,,,,,,,,,,,
02/08/2018,5,12,V,,,,,,,,,,,,
03/08/2018,5,624,V,,,,,,,,,,,,
04/08/2018,4,899,V,,,,,,,,,,,,
05/08/2018,4,487,V,,,,,,,,,,,,
06/08/2018,3,967,V,,,,,,,,,,,,
07/08/2018,3,888,V,,,,,,,,,,,,
08/08/2018,3,914,V,,,,,,,,,,,,
09/08/2018,3,881,V,,,,,,,,,,,,
10/08/2018,3,865,V,,,,,,,,,,,,
11/08/2018,3,826,V,,,,,,,,,,,,
12/08/2018,3,773,V,,,,,,,,,,,,
13/08/2018,3,850,V,,,,,,,,,,,,
14/08/2018,4,922,V,,,,,,,,,,,,
15/08/2018,4,72,V,,,,,,,,,,,,
16/08/2018,3,869,V,,,,,,,,,,,,
17/08/2018,3,853,V,,,,,,,,,,,,
18/08/2018,3,805,V,,,,,,,,,,,,
19/08/2018,3,781,V,,,,,,,,,,,,
20/08/2018,3,762,V,,,,,,,,,,,,
21/08/2018,3,769,V,,,,,,,,,,,,
22/08/2018,3,768,V,,,,,,,,,,,,
23/08/2018,3,751,V,,,,,,,,,,,,
24/08/2018,3,768,V,,,,,,,,,,,,
25/08/2018,3,758,V,,,,,,,,,,,,
26/08/2018,4,491,V,,,,,,,,,,,,
27/08/2018,4,309,V,,,,,,,,,,,,
28/08/2018,3,859,V,,,,,,,,,,,,
29/08/2018,3,784,V,,,,,,,,,,,,
30/08/2018,3,779,V,,,,,,,,,,,,
31/08/2018,3,788,V,,,,,,,,,,,,
01/09/2018,6,28,V,,,,,,,,,,,,
02/09/2018,5,559,V,,,,,,,,,,,,
03/09/2018,4,822,V,,,,,,,,,,,,
04/09/2018,4,169,V,,,,,,,,,,,,
05/09/2018,3,863,V,,,,,,,,,,,,
06/09/2018,3,816,V,,,,,,,,,,,,
07/09/2018,3,817,V,,,,,,,,,,,,
08/09/2018,3,780,V,,,,,,,,,,,,
09/09/2018,3,765,V,,,,,,,,,,,,
10/09/2018,,@,,,,,,,,,,,,,
11/09/2018,4,175,V,,,,,,,,,,,,
12/09/2018,4,38,V,,,,,,,,,,,,
13/09/2018,4,112,V,,,,,,,,,,,,
14/09/2018,4,72,V,,,,,,,,,,,,
15/09/2018,3,988,V,,,,,,,,,,,,
16/09/2018,3,992,V,,,,,,,,,,,,
17/09/2018,3,946,V,,,,,,,,,,,,
18/09/2018,3,993,V,,,,,,,,,,,,
19/09/2018,4,332,V,,,,,,,,,,,,
20/09/2018,4,44,V,,,,,,,,,,,,
21/09/2018,3,898,V,,,,,,,,,,,,
22/09/2018,3,832,V,,,,,,,,,,,,
23/09/2018,3,794,V,,,,,,,,,,,,
24/09/2018,3,781,V,,,,,,,,,,,,
25/09/2018,3,769,V,,,,,,,,,,,,
26/09/2018,3,743,V,,,,,,,,,,,,
27/09/2018,3,699,V,,,,,,,,,,,,
28/09/2018,3,682,V,,,,,,,,,,,,
29/09/2018,3,677,V,,,,,,,,,,,,
30/09/2018,3,695,V,,,,,,,,,,,,
01/10/2018,4,907,V,,,,,,,,,,,,
02/10/2018,4,983,V,,,,,,,,,,,,
03/10/2018,3,838,V,,,,,,,,,,,,
04/10/2018,3,777,V,,,,,,,,,,,,
05/10/2018,3,760,V,,,,,,,,,,,,
06/10/2018,3,753,V,,,,,,,,,,,,
07/10/2018,3,703,V,,,,,,,,,,,,
08/10/2018,3,668,V,,,,,,,,,,,,
09/10/2018,3,695,V,,,,,,,,,,,,
10/10/2018,3,664,V,,,,,,,,,,,,
11/10/2018,3,616,V,,,,,,,,,,,,
12/10/2018,3,607,V,,,,,,,,,,,,
13/10/2018,3,604,V,,,,,,,,,,,,
14/10/2018,3,605,V,,,,,,,,,,,,
15/10/2018,3,599,V,,,,,,,,,,,,
16/10/2018,3,607,V,,,,,,,,,,,,
17/10/2018,3,594,V,,,,,,,,,,,,
18/10/2018,3,591,V,,,,,,,,,,,,
19/10/2018,3,595,V,,,,,,,,,,,,
20/10/2018,3,589,V,,,,,,,,,,,,
21/10/2018,3,577,V,,,,,,,,,,,,
22/10/2018,3,568,V,,,,,,,,,,,,
23/10/2018,3,548,V,,,,,,,,,,,,
24/10/2018,3,573,V,,,,,,,,,,,,
25/10/2018,3,592,V,,,,,,,,,,,,
26/10/2018,3,599,V,,,,,,,,,,,,
27/10/2018,3,647,V,,,,,,,,,,,,
28/10/2018,102,598,V,,,,,,,,,,,,
29/10/2018,284,965,V,,,,,,,,,,,,
30/10/2018,190,580,V,,,,,,,,,,,,
31/10/2018,69,812,V,,,,,,,,,,,,
01/11/2018,99,241,V,,,,,,,,,,,,
02/11/2018,59,160,V,,,,,,,,,,,,
03/11/2018,59,725,V,,,,,,,,,,,,
04/11/2018,38,467,V,,,,,,,,,,,,
05/11/2018,27,261,V,,,,,,,,,,,,
06/11/2018,24,350,V,,,,,,,,,,,,
07/11/2018,32,568,V,,,,,,,,,,,,
08/11/2018,26,101,V,,,,,,,,,,,,
09/11/2018,21,876,V,,,,,,,,,,,,
10/11/2018,20,526,V,,,,,,,,,,,,
11/11/2018,21,786,V,,,,,,,,,,,,
12/11/2018,23,947,V,,,,,,,,,,,,
13/11/2018,21,470,V,,,,,,,,,,,,
14/11/2018,19,192,V,,,,,,,,,,,,
15/11/2018,19,104,V,,,,,,,,,,,,
16/11/2018,18,952,V,,,,,,,,,,,,
17/11/2018,17,604,V,,,,,,,,,,,,
18/11/2018,15,307,V,,,,,,,,,,,,
19/11/2018,,@,,,,,,,,,,,,,
20/11/2018,14,996,V,,,,,,,,,,,,
21/11/2018,15,145,V,,,,,,,,,,,,
22/11/2018,17,202,V,,,,,,,,,,,,
23/11/2018,27,237,V,,,,,,,,,,,,
24/11/2018,226,362,V,,,,,,,,,,,,
25/11/2018,88,659,V,,,,,,,,,,,,
26/11/2018,55,103,V,,,,,,,,,,,,
27/11/2018,37,435,V,,,,,,,,,,,,
28/11/2018,27,285,V,,,,,,,,,,,,
29/11/2018,23,805,V,,,,,,,,,,,,
30/11/2018,21,911,V,,,,,,,,,,,,
01/12/2018,19,717,V,,,,,,,,,,,,
02/12/2018,18,544,V,,,,,,,,,,,,
03/12/2018,21,725,V,,,,,,,,,,,,
04/12/2018,20,112,V,,,,,,,,,,,,
05/12/2018,18,677,V,,,,,,,,,,,,
06/12/2018,18,167,V,,,,,,,,,,,,
07/12/2018,17,633,V,,,,,,,,,,,,
08/12/2018,21,152,V,,,,,,,,,,,,
09/12/2018,19,590,V,,,,,,,,,,,,
10/12/2018,17,902,V,,,,,,,,,,,,
11/12/2018,17,334,V,,,,,,,,,,,,
12/12/2018,16,586,V,,,,,,,,,,,,
13/12/2018,15,325,V,,,,,,,,,,,,
14/12/2018,14,345,V,,,,,,,,,,,,
15/12/2018,14,237,V,,,,,,,,,,,,
16/12/2018,13,825,V,,,,,,,,,,,,
17/12/2018,14,775,V,,,,,,,,,,,,
18/12/2018,14,171,V,,,,,,,,,,,,
19/12/2018,13,323,V,,,,,,,,,,,,
20/12/2018,22,366,V,,,,,,,,,,,,
21/12/2018,18,827,V,,,,,,,,,,,,
22/12/2018,46,242,V,,,,,,,,,,,,
23/12/2018,31,611,V,,,,,,,,,,,,
24/12/2018,23,847,V,,,,,,,,,,,,
25/12/2018,21,510,V,,,,,,,,,,,,
26/12/2018,19,746,V,,,,,,,,,,,,
27/12/2018,18,347,V,,,,,,,,,,,,
28/12/2018,17,711,V,,,,,,,,,,,,
29/12/2018,16,813,V,,,,,,,,,,,,
30/12/2018,16,173,V,,,,,,,,,,,,
31/12/2018,15,139,V,,,,,,,,,,,,
01/01/2019,14,578,V,,,,,,,,,,,,
02/01/2019,13,717,V,,,,,,,,,,,,
03/01/2019,13,406,V,,,,,,,,,,,,
04/01/2019,10,451,V,,,,,,,,,,,,
05/01/2019,11,590,V,,,,,,,,,,,,
06/01/2019,11,805,V,,,,,,,,,,,,
07/01/2019,11,112,V,,,,,,,,,,,,
08/01/2019,11,41,V,,,,,,,,,,,,
09/01/2019,10,599,V,,,,,,,,,,,,
10/01/2019,10,342,V,,,,,,,,,,,,
11/01/2019,10,330,V,,,,,,,,,,,,
12/01/2019,9,950,V,,,,,,,,,,,,
13/01/2019,9,740,V,,,,,,,,,,,,
14/01/2019,10,38,V,,,,,,,,,,,,
15/01/2019,10,122,V,,,,,,,,,,,,
16/01/2019,9,525,V,,,,,,,,,,,,
17/01/2019,11,376,V,,,,,,,,,,,,
18/01/2019,25,769,V,,,,,,,,,,,,
19/01/2019,19,402,V,,,,,,,,,,,,
20/01/2019,16,586,V,,,,,,,,,,,,
21/01/2019,15,635,V,,,,,,,,,,,,
22/01/2019,14,416,V,,,,,,,,,,,,
23/01/2019,13,753,V,,,,,,,,,,,,
24/01/2019,13,400,V,,,,,,,,,,,,
25/01/2019,11,614,V,,,,,,,,,,,,
26/01/2019,11,500,V,,,,,,,,,,,,
27/01/2019,11,733,V,,,,,,,,,,,,
28/01/2019,17,22,V,,,,,,,,,,,,
29/01/2019,14,530,V,,,,,,,,,,,,
30/01/2019,13,777,V,,,,,,,,,,,,
31/01/2019,13,867,V,,,,,,,,,,,,
01/02/2019,211,317,V,,,,,,,,,,,,
02/02/2019,591,31,V,,,,,,,,,,,,
03/02/2019,215,218,V,,,,,,,,,,,,
04/02/2019,121,749,V,,,,,,,,,,,,
05/02/2019,89,273,V,,,,,,,,,,,,
06/02/2019,69,840,V,,,,,,,,,,,,
07/02/2019,54,205,V,,,,,,,,,,,,
08/02/2019,42,178,V,,,,,,,,,,,,
09/02/2019,32,981,V,,,,,,,,,,,,
10/02/2019,34,705,V,,,,,,,,,,,,
11/02/2019,88,522,V,,,,,,,,,,,,
12/02/2019,47,514,V,,,,,,,,,,,,
13/02/2019,34,291,V,,,,,,,,,,,,
14/02/2019,26,484,V,,,,,,,,,,,,
15/02/2019,22,614,V,,,,,,,,,,,,
16/02/2019,19,822,V,,,,,,,,,,,,
17/02/2019,17,424,V,,,,,,,,,,,,
18/02/2019,15,731,V,,,,,,,,,,,,
19/02/2019,14,392,V,,,,,,,,,,,,
20/02/2019,12,504,V,,,,,,,,,,,,
21/02/2019,12,170,V,,,,,,,,,,,,
22/02/2019,12,457,V,,,,,,,,,,,,
23/02/2019,11,813,V,,,,,,,,,,,,
24/02/2019,10,936,V,,,,,,,,,,,,
25/02/2019,11,71,V,,,,,,,,,,,,
26/02/2019,10,797,V,,,,,,,,,,,,
27/02/2019,10,612,V,,,,,,,,,,,,
28/02/2019,10,594,V,,,,,,,,,,,,
01/03/2019,10,361,V,,,,,,,,,,,,
02/03/2019,9,696,V,,,,,,,,,,,,
03/03/2019,9,271,V,,,,,,,,,,,,
04/03/2019,8,681,V,,,,,,,,,,,,
05/03/2019,8,568,V,,,,,,,,,,,,
06/03/2019,8,610,V,,,,,,,,,,,,
07/03/2019,10,554,V,,,,,,,,,,,,
08/03/2019,12,648,V,,,,,,,,,,,,
09/03/2019,11,238,V,,,,,,,,,,,,
10/03/2019,10,767,V,,,,,,,,,,,,
11/03/2019,11,668,V,,,,,,,,,,,,
12/03/2019,10,201,V,,,,,,,,,,,,
13/03/2019,14,186,V,,,,,,,,,,,,
14/03/2019,12,576,V,,,,,,,,,,,,
15/03/2019,10,409,V,,,,,,,,,,,,
16/03/2019,9,850,V,,,,,,,,,,,,
17/03/2019,9,556,V,,,,,,,,,,,,
18/03/2019,10,828,V,,,,,,,,,,,,
19/03/2019,9,941,V,,,,,,,,,,,,
20/03/2019,8,827,V,,,,,,,,,,,,
21/03/2019,7,987,V,,,,,,,,,,,,
22/03/2019,8,77,V,,,,,,,,,,,,
23/03/2019,8,519,V,,,,,,,,,,,,
24/03/2019,8,162,V,,,,,,,,,,,,
25/03/2019,8,48,V,,,,,,,,,,,,
26/03/2019,7,893,V,,,,,,,,,,,,
27/03/2019,6,984,V,,,,,,,,,,,,
28/03/2019,6,418,V,,,,,,,,,,,,
29/03/2019,6,138,V,,,,,,,,,,,,
30/03/2019,5,517,V,,,,,,,,,,,,
31/03/2019,4,956,V,,,,,,,,,,,,
01/04/2019,5,537,V,,,,,,,,,,,,
02/04/2019,4,518,V,,,,,,,,,,,,
03/04/2019,7,176,V,,,,,,,,,,,,
04/04/2019,287,523,V,,,,,,,,,,,,
05/04/2019,149,177,V,,,,,,,,,,,,
06/04/2019,80,167,V,,,,,,,,,,,,
07/04/2019,61,263,V,,,,,,,,,,,,
08/04/2019,50,837,V,,,,,,,,,,,,
09/04/2019,42,762,V,,,,,,,,,,,,
10/04/2019,35,89,V,,,,,,,,,,,,
11/04/2019,32,537,V,,,,,,,,,,,,
12/04/2019,31,390,V,,,,,,,,,,,,
13/04/2019,26,180,V,,,,,,,,,,,,
14/04/2019,40,434,V,,,,,,,,,,,,
15/04/2019,30,166,V,,,,,,,,,,,,
16/04/2019,26,33,V,,,,,,,,,,,,
17/04/2019,23,721,V,,,,,,,,,,,,
18/04/2019,23,987,V,,,,,,,,,,,,
19/04/2019,,@,,,,,,,,,,,,,
20/04/2019,20,856,V,,,,,,,,,,,,
21/04/2019,19,997,V,,,,,,,,,,,,
22/04/2019,19,365,V,,,,,,,,,,,,
23/04/2019,42,395,V,,,,,,,,,,,,
24/04/2019,214,915,V,,,,,,,,,,,,
25/04/2019,92,969,V,,,,,,,,,,,,
26/04/2019,63,861,V,,,,,,,,,,,,
27/04/2019,54,404,V,,,,,,,,,,,,
28/04/2019,41,308,V,,,,,,,,,,,,
29/04/2019,33,577,V,,,,,,,,,,,,
30/04/2019,27,279,V,,,,,,,,,,,,
01/05/2019,23,852,V,,,,,,,,,,,,
02/05/2019,22,972,V,,,,,,,,,,,,
03/05/2019,45,590,V,,,,,,,,,,,,
04/05/2019,81,77,V,,,,,,,,,,,,
05/05/2019,66,551,V,,,,,,,,,,,,
06/05/2019,64,459,V,,,,,,,,,,,,
07/05/2019,47,180,V,,,,,,,,,,,,
08/05/2019,41,653,V,,,,,,,,,,,,
09/05/2019,120,729,V,,,,,,,,,,,,
10/05/2019,70,765,V,,,,,,,,,,,,
11/05/2019,49,89,V,,,,,,,,,,,,
12/05/2019,51,876,V,,,,,,,,,,,,
13/05/2019,85,665,V,,,,,,,,,,,,
14/05/2019,54,558,V,,,,,,,,,,,,
15/05/2019,37,658,V,,,,,,,,,,,,
16/05/2019,30,84,V,,,,,,,,,,,,
17/05/2019,25,875,V,,,,,,,,,,,,
18/05/2019,23,818,V,,,,,,,,,,,,
19/05/2019,25,491,V,,,,,,,,,,,,
20/05/2019,49,86,V,,,,,,,,,,,,
21/05/2019,38,586,V,,,,,,,,,,,,
22/05/2019,28,527,V,,,,,,,,,,,,
23/05/2019,25,0,V,,,,,,,,,,,,
24/05/2019,23,58,V,,,,,,,,,,,,
25/05/2019,20,497,V,,,,,,,,,,,,
26/05/2019,18,795,V,,,,,,,,,,,,
27/05/2019,18,760,V,,,,,,,,,,,,
28/05/2019,19,570,V,,,,,,,,,,,,
29/05/2019,45,335,V,,,,,,,,,,,,
30/05/2019,30,219,V,,,,,,,,,,,,
31/05/2019,23,447,V,,,,,,,,,,,,
01/06/2019,20,610,V,,,,,,,,,,,,
02/06/2019,19,254,V,,,,,,,,,,,,
03/06/2019,18,719,V,,,,,,,,,,,,
04/06/2019,17,767,V,,,,,,,,,,,,
05/06/2019,15,378,V,,,,,,,,,,,,
06/06/2019,14,129,V,,,,,,,,,,,,
07/06/2019,13,448,V,,,,,,,,,,,,
08/06/2019,12,3,V,,,,,,,,,,,,
09/06/2019,11,603,V,,,,,,,,,,,,
10/06/2019,11,107,V,,,,,,,,,,,,
11/06/2019,11,209,V,,,,,,,,,,,,
12/06/2019,10,528,V,,,,,,,,,,,,
13/06/2019,9,753,V,,,,,,,,,,,,
14/06/2019,10,663,V,,,,,,,,,,,,
15/06/2019,10,459,V,,,,,,,,,,,,
16/06/2019,9,828,V,,,,,,,,,,,,
17/06/2019,12,850,V,,,,,,,,,,,,
18/06/2019,9,208,V,,,,,,,,,,,,
19/06/2019,10,203,V,,,,,,,,,,,,
20/06/2019,9,251,V,,,,,,,,,,,,
21/06/2019,7,454,V,,,,,,,,,,,,
22/06/2019,5,572,V,,,,,,,,,,,,
23/06/2019,5,905,V,,,,,,,,,,,,
24/06/2019,5,270,V,,,,,,,,,,,,
25/06/2019,4,983,V,,,,,,,,,,,,
26/06/2019,5,152,V,,,,,,,,,,,,
27/06/2019,5,302,V,,,,,,,,,,,,
28/06/2019,4,262,V,,,,,,,,,,,,
29/06/2019,4,373,V,,,,,,,,,,,,
30/06/2019,4,303,V,,,,,,,,,,,,
01/07/2019,4,354,V,,,,,,,,,,,,
02/07/2019,4,492,V,,,,,,,,,,,,
03/07/2019,3,930,V,,,,,,,,,,,,
04/07/2019,3,928,V,,,,,,,,,,,,
05/07/2019,3,888,V,,,,,,,,,,,,
06/07/2019,3,984,V,,,,,,,,,,,,
07/07/2019,4,777,V,,,,,,,,,,,,
08/07/2019,5,166,V,,,,,,,,,,,,
09/07/2019,4,32,V,,,,,,,,,,,,
10/07/2019,3,801,V,,,,,,,,,,,,
11/07/2019,4,284,V,,,,,,,,,,,,
12/07/2019,3,920,V,,,,,,,,,,,,
13/07/2019,3,701,V,,,,,,,,,,,,
14/07/2019,3,534,V,,,,,,,,,,,,
15/07/2019,5,163,V,,,,,,,,,,,,
16/07/2019,5,331,V,,,,,,,,,,,,
17/07/2019,4,409,V,,,,,,,,,,,,
18/07/2019,3,708,V,,,,,,,,,,,,
19/07/2019,3,574,V,,,,,,,,,,,,
20/07/2019,3,549,V,,,,,,,,,,,,
21/07/2019,3,445,V,,,,,,,,,,,,
22/07/2019,3,431,R,,,,,,,,,,,,
23/07/2019,3,252,V,,,,,,,,,,,,
24/07/2019,3,113,V,,,,,,,,,,,,
25/07/2019,3,91,V,,,,,,,,,,,,
26/07/2019,3,258,V,,,,,,,,,,,,
27/07/2019,3,749,V,,,,,,,,,,,,
28/07/2019,7,811,V,,,,,,,,,,,,
29/07/2019,4,872,V,,,,,,,,,,,,
30/07/2019,3,666,V,,,,,,,,,,,,
31/07/2019,3,569,V,,,,,,,,,,,,
01/08/2019,3,784,V,,,,,,,,,,,,
02/08/2019,3,326,V,,,,,,,,,,,,
03/08/2019,3,323,V,,,,,,,,,,,,
04/08/2019,3,228,V,,,,,,,,,,,,
05/08/2019,3,193,V,,,,,,,,,,,,
06/08/2019,3,241,V,,,,,,,,,,,,
07/08/2019,3,182,V,,,,,,,,,,,,
08/08/2019,4,58,V,,,,,,,,,,,,
09/08/2019,3,369,V,,,,,,,,,,,,
10/08/2019,3,255,V,,,,,,,,,,,,
11/08/2019,3,215,V,,,,,,,,,,,,
12/08/2019,3,185,V,,,,,,,,,,,,
13/08/2019,3,78,V,,,,,,,,,,,,
14/08/2019,3,32,V,,,,,,,,,,,,
15/08/2019,3,20,V,,,,,,,,,,,,
16/08/2019,2,955,V,,,,,,,,,,,,
17/08/2019,2,977,V,,,,,,,,,,,,
18/08/2019,2,972,V,,,,,,,,,,,,
19/08/2019,2,953,V,,,,,,,,,,,,
20/08/2019,2,959,V,,,,,,,,,,,,
21/08/2019,2,901,V,,,,,,,,,,,,
22/08/2019,2,725,V,,,,,,,,,,,,
23/08/2019,2,757,V,,,,,,,,,,,,
24/08/2019,2,993,V,,,,,,,,,,,,
25/08/2019,3,100,V,,,,,,,,,,,,
26/08/2019,3,281,V,,,,,,,,,,,,
27/08/2019,3,241,V,,,,,,,,,,,,
28/08/2019,3,196,V,,,,,,,,,,,,
29/08/2019,3,329,V,,,,,,,,,,,,
30/08/2019,3,95,V,,,,,,,,,,,,
31/08/2019,3,110,V,,,,,,,,,,,,
01/09/2019,3,96,V,,,,,,,,,,,,
02/09/2019,3,162,V,,,,,,,,,,,,
03/09/2019,3,54,V,,,,,,,,,,,,
04/09/2019,2,995,V,,,,,,,,,,,,
05/09/2019,2,909,V,,,,,,,,,,,,
06/09/2019,3,897,V,,,,,,,,,,,,
07/09/2019,3,212,V,,,,,,,,,,,,
08/09/2019,3,186,V,,,,,,,,,,,,
09/09/2019,3,474,V,,,,,,,,,,,,
10/09/2019,3,318,V,,,,,,,,,,,,
11/09/2019,3,146,V,,,,,,,,,,,,
12/09/2019,3,56,V,,,,,,,,,,,,
13/09/2019,2,987,V,,,,,,,,,,,,
14/09/2019,2,920,V,,,,,,,,,,,,
15/09/2019,2,893,V,,,,,,,,,,,,
16/09/2019,2,889,V,,,,,,,,,,,,
17/09/2019,3,975,V,,,,,,,,,,,,
18/09/2019,3,871,V,,,,,,,,,,,,
19/09/2019,4,88,V,,,,,,,,,,,,
20/09/2019,3,420,V,,,,,,,,,,,,
21/09/2019,3,242,V,,,,,,,,,,,,
22/09/2019,3,215,V,,,,,,,,,,,,
23/09/2019,5,188,V,,,,,,,,,,,,
24/09/2019,4,255,V,,,,,,,,,,,,
25/09/2019,3,349,V,,,,,,,,,,,,
26/09/2019,3,309,V,,,,,,,,,,,,
27/09/2019,3,135,V,,,,,,,,,,,,
28/09/2019,3,40,V,,,,,,,,,,,,
29/09/2019,2,942,V,,,,,,,,,,,,
30/09/2019,3,33,V,,,,,,,,,,,,
01/10/2019,3,134,V,,,,,,,,,,,,
02/10/2019,11,448,V,,,,,,,,,,,,
03/10/2019,5,359,V,,,,,,,,,,,,
04/10/2019,3,487,V,,,,,,,,,,,,
05/10/2019,3,300,V,,,,,,,,,,,,
06/10/2019,3,173,V,,,,,,,,,,,,
07/10/2019,3,245,V,,,,,,,,,,,,
08/10/2019,3,190,V,,,,,,,,,,,,
09/10/2019,3,263,V,,,,,,,,,,,,
10/10/2019,9,248,V,,,,,,,,,,,,
11/10/2019,4,216,V,,,,,,,,,,,,
12/10/2019,3,626,V,,,,,,,,,,,,
13/10/2019,3,393,V,,,,,,,,,,,,
14/10/2019,3,286,V,,,,,,,,,,,,
15/10/2019,12,126,V,,,,,,,,,,,,
16/10/2019,16,478,V,,,,,,,,,,,,
17/10/2019,6,345,V,,,,,,,,,,,,
18/10/2019,4,673,V,,,,,,,,,,,,
19/10/2019,5,189,V,,,,,,,,,,,,
20/10/2019,6,32,V,,,,,,,,,,,,
21/10/2019,14,718,V,,,,,,,,,,,,
22/10/2019,7,470,V,,,,,,,,,,,,
23/10/2019,4,880,V,,,,,,,,,,,,
24/10/2019,35,422,V,,,,,,,,,,,,
25/10/2019,24,219,V,,,,,,,,,,,,
26/10/2019,11,59,V,,,,,,,,,,,,
27/10/2019,7,63,V,,,,,,,,,,,,
28/10/2019,5,599,V,,,,,,,,,,,,
29/10/2019,5,187,V,,,,,,,,,,,,
30/10/2019,6,776,V,,,,,,,,,,,,
31/10/2019,5,958,V,,,,,,,,,,,,
01/11/2019,4,773,V,,,,,,,,,,,,
02/11/2019,59,424,V,,,,,,,,,,,,
03/11/2019,207,630,V,,,,,,,,,,,,
04/11/2019,128,348,V,,,,,,,,,,,,
05/11/2019,240,801,V,,,,,,,,,,,,
06/11/2019,134,693,V,,,,,,,,,,,,
07/11/2019,83,651,V,,,,,,,,,,,,
08/11/2019,133,564,V,,,,,,,,,,,,
09/11/2019,120,502,V,,,,,,,,,,,,
10/11/2019,66,969,V,,,,,,,,,,,,
11/11/2019,41,318,V,,,,,,,,,,,,
12/11/2019,35,424,V,,,,,,,,,,,,
13/11/2019,31,164,V,,,,,,,,,,,,
14/11/2019,26,707,V,,,,,,,,,,,,
15/11/2019,130,247,V,,,,,,,,,,,,
16/11/2019,110,627,V,,,,,,,,,,,,
17/11/2019,157,113,V,,,,,,,,,,,,
18/11/2019,138,312,V,,,,,,,,,,,,
19/11/2019,353,49,V,,,,,,,,,,,,
20/11/2019,187,939,V,,,,,,,,,,,,
21/11/2019,114,624,V,,,,,,,,,,,,
22/11/2019,90,145,V,,,,,,,,,,,,
23/11/2019,252,876,V,,,,,,,,,,,,
24/11/2019,351,433,V,,,,,,,,,,,,
25/11/2019,160,51,V,,,,,,,,,,,,
26/11/2019,107,19,V,,,,,,,,,,,,
27/11/2019,126,856,V,,,,,,,,,,,,
28/11/2019,131,297,V,,,,,,,,,,,,
29/11/2019,98,761,V,,,,,,,,,,,,
30/11/2019,76,787,V,,,,,,,,,,,,
01/12/2019,61,892,V,,,,,,,,,,,,
02/12/2019,162,605,V,,,,,,,,,,,,
03/12/2019,94,76,V,,,,,,,,,,,,
04/12/2019,69,28,V,,,,,,,,,,,,
05/12/2019,54,686,V,,,,,,,,,,,,
06/12/2019,42,783,V,,,,,,,,,,,,
07/12/2019,37,198,V,,,,,,,,,,,,
08/12/2019,32,38,V,,,,,,,,,,,,
09/12/2019,32,422,V,,,,,,,,,,,,
10/12/2019,29,22,V,,,,,,,,,,,,
11/12/2019,25,288,V,,,,,,,,,,,,
12/12/2019,29,881,V,,,,,,,,,,,,
13/12/2019,54,778,V,,,,,,,,,,,,
14/12/2019,49,451,R,,,,,,,,,,,,
15/12/2019,33,433,V,,,,,,,,,,,,
16/12/2019,32,894,V,,,,,,,,,,,,
17/12/2019,29,404,V,,,,,,,,,,,,
18/12/2019,31,597,V,,,,,,,,,,,,
19/12/2019,27,969,V,,,,,,,,,,,,
20/12/2019,128,2,V,,,,,,,,,,,,
21/12/2019,595,94,V,,,,,,,,,,,,
22/12/2019,402,847,V,,,,,,,,,,,,
23/12/2019,206,728,V,,,,,,,,,,,,
24/12/2019,145,208,V,,,,,,,,,,,,
25/12/2019,119,546,V,,,,,,,,,,,,
26/12/2019,101,326,V,,,,,,,,,,,,
27/12/2019,86,888,V,,,,,,,,,,,,
28/12/2019,73,504,V,,,,,,,,,,,,
29/12/2019,56,720,V,,,,,,,,,,,,
30/12/2019,47,618,R,,,,,,,,,,,,
31/12/2019,,@,,,,,,,,,,,,,
01/01/2020,36,356,V,,,,,,,,,,,,
02/01/2020,30,398,V,,,,,,,,,,,,
03/01/2020,29,143,V,,,,,,,,,,,,
04/01/2020,24,374,V,,,,,,,,,,,,
05/01/2020,22,843,V,,,,,,,,,,,,
06/01/2020,21,474,V,,,,,,,,,,,,
07/01/2020,20,179,V,,,,,,,,,,,,
08/01/2020,19,64,V,,,,,,,,,,,,
09/01/2020,,@,,,,,,,,,,,,,
10/01/2020,18,215,V,,,,,,,,,,,,
11/01/2020,17,889,V,,,,,,,,,,,,
12/01/2020,17,539,V,,,,,,,,,,,,
13/01/2020,,@,,,,,,,,,,,,,
14/01/2020,16,917,V,,,,,,,,,,,,
15/01/2020,16,577,V,,,,,,,,,,,,
16/01/2020,16,870,V,,,,,,,,,,,,
17/01/2020,17,90,V,,,,,,,,,,,,
18/01/2020,25,296,V,,,,,,,,,,,,
19/01/2020,20,4,V,,,,,,,,,,,,
20/01/2020,17,816,V,,,,,,,,,,,,
21/01/2020,16,526,V,,,,,,,,,,,,
22/01/2020,15,733,V,,,,,,,,,,,,
23/01/2020,14,268,V,,,,,,,,,,,,
24/01/2020,17,157,V,,,,,,,,,,,,
25/01/2020,17,457,V,,,,,,,,,,,,
26/01/2020,17,309,V,,,,,,,,,,,,
27/01/2020,16,299,V,,,,,,,,,,,,
28/01/2020,59,692,V,,,,,,,,,,,,
29/01/2020,54,683,V,,,,,,,,,,,,
30/01/2020,30,724,V,,,,,,,,,,,,
31/01/2020,29,256,V,,,,,,,,,,,,
01/02/2020,57,242,V,,,,,,,,,,,,
02/02/2020,93,538,V,,,,,,,,,,,,
03/02/2020,54,22,V,,,,,,,,,,,,
04/02/2020,40,587,V,,,,,,,,,,,,
05/02/2020,30,781,V,,,,,,,,,,,,
06/02/2020,,@,,,,,,,,,,,,,
07/02/2020,23,428,V,,,,,,,,,,,,
08/02/2020,,@,,,,,,,,,,,,,
09/02/2020,,@,,,,,,,,,,,,,
10/02/2020,,@,,,,,,,,,,,,,
11/02/2020,,@,,,,,,,,,,,,,
12/02/2020,,@,,,,,,,,,,,,,
13/02/2020,,@,,,,,,,,,,,,,
14/02/2020,,@,,,,,,,,,,,,,
15/02/2020,30,299,V,,,,,,,,,,,,
16/02/2020,23,99,V,,,,,,,,,,,,
17/02/2020,21,778,V,,,,,,,,,,,,
18/02/2020,31,371,V,,,,,,,,,,,,
19/02/2020,29,569,V,,,,,,,,,,,,
20/02/2020,24,147,V,,,,,,,,,,,,
21/02/2020,22,248,V,,,,,,,,,,,,
22/02/2020,21,225,V,,,,,,,,,,,,
23/02/2020,20,275,V,,,,,,,,,,,,
24/02/2020,19,197,V,,,,,,,,,,,,
25/02/2020,19,400,V,,,,,,,,,,,,
26/02/2020,18,526,V,,,,,,,,,,,,
27/02/2020,18,352,V,,,,,,,,,,,,
28/02/2020,20,269,V,,,,,,,,,,,,
29/02/2020,18,86,V,,,,,,,,,,,,
01/03/2020,163,368,V,,,,,,,,,,,,
02/03/2020,367,68,V,,,,,,,,,,,,
03/03/2020,350,761,V,,,,,,,,,,,,
04/03/2020,161,20,V,,,,,,,,,,,,
05/03/2020,121,605,V,,,,,,,,,,,,
06/03/2020,269,455,V,,,,,,,,,,,,
07/03/2020,131,270,V,,,,,,,,,,,,
08/03/2020,98,184,V,,,,,,,,,,,,
09/03/2020,83,82,V,,,,,,,,,,,,
10/03/2020,71,605,V,,,,,,,,,,,,
11/03/2020,59,685,V,,,,,,,,,,,,
12/03/2020,52,561,V,,,,,,,,,,,,
13/03/2020,46,374,V,,,,,,,,,,,,
14/03/2020,40,76,V,,,,,,,,,,,,
15/03/2020,35,298,V,,,,,,,,,,,,
16/03/2020,32,1,V,,,,,,,,,,,,
17/03/2020,28,566,V,,,,,,,,,,,,
18/03/2020,27,231,V,,,,,,,,,,,,
19/03/2020,25,906,V,,,,,,,,,,,,
20/03/2020,24,863,V,,,,,,,,,,,,
21/03/2020,23,860,V,,,,,,,,,,,,
22/03/2020,22,886,V,,,,,,,,,,,,
23/03/2020,21,967,V,,,,,,,,,,,,
24/03/2020,21,424,V,,,,,,,,,,,,
25/03/2020,20,683,V,,,,,,,,,,,,
26/03/2020,20,438,V,,,,,,,,,,,,
27/03/2020,20,162,V,,,,,,,,,,,,
28/03/2020,19,785,V,,,,,,,,,,,,
29/03/2020,19,826,V,,,,,,,,,,,,
30/03/2020,19,440,V,,,,,,,,,,,,
31/03/2020,18,942,V,,,,,,,,,,,,
01/04/2020,18,378,V,,,,,,,,,,,,
02/04/2020,18,89,V,,,,,,,,,,,,
03/04/2020,17,948,V,,,,,,,,,,,,
04/04/2020,17,772,V,,,,,,,,,,,,
05/04/2020,17,455,V,,,,,,,,,,,,
06/04/2020,17,79,V,,,,,,,,,,,,
07/04/2020,17,213,V,,,,,,,,,,,,
08/04/2020,16,934,V,,,,,,,,,,,,
09/04/2020,16,892,V,,,,,,,,,,,,
10/04/2020,16,619,V,,,,,,,,,,,,
11/04/2020,16,376,V,,,,,,,,,,,,
12/04/2020,16,113,V,,,,,,,,,,,,
13/04/2020,15,881,V,,,,,,,,,,,,
14/04/2020,15,772,V,,,,,,,,,,,,
15/04/2020,15,419,V,,,,,,,,,,,,
16/04/2020,15,232,V,,,,,,,,,,,,
17/04/2020,15,59,V,,,,,,,,,,,,
18/04/2020,15,80,V,,,,,,,,,,,,
19/04/2020,15,22,V,,,,,,,,,,,,
20/04/2020,15,656,V,,,,,,,,,,,,
21/04/2020,15,914,V,,,,,,,,,,,,
22/04/2020,15,526,V,,,,,,,,,,,,
23/04/2020,14,795,V,,,,,,,,,,,,
24/04/2020,14,141,V,,,,,,,,,,,,
25/04/2020,14,92,V,,,,,,,,,,,,
26/04/2020,13,864,V,,,,,,,,,,,,
27/04/2020,13,914,V,,,,,,,,,,,,
28/04/2020,16,148,V,,,,,,,,,,,,
29/04/2020,24,8,V,,,,,,,,,,,,
30/04/2020,17,833,V,,,,,,,,,,,,
01/05/2020,17,830,V,,,,,,,,,,,,
02/05/2020,17,552,V,,,,,,,,,,,,
03/05/2020,16,800,V,,,,,,,,,,,,
04/05/2020,15,818,V,,,,,,,,,,,,
05/05/2020,15,571,V,,,,,,,,,,,,
06/05/2020,15,221,V,,,,,,,,,,,,
07/05/2020,14,586,V,,,,,,,,,,,,
08/05/2020,14,530,V,,,,,,,,,,,,
09/05/2020,14,31,V,,,,,,,,,,,,
10/05/2020,13,885,V,,,,,,,,,,,,
11/05/2020,17,210,V,,,,,,,,,,,,
12/05/2020,68,58,V,,,,,,,,,,,,
13/05/2020,30,141,V,,,,,,,,,,,,
14/05/2020,21,632,V,,,,,,,,,,,,
15/05/2020,34,766,V,,,,,,,,,,,,
16/05/2020,33,455,V,,,,,,,,,,,,
17/05/2020,24,376,V,,,,,,,,,,,,
18/05/2020,21,189,V,,,,,,,,,,,,
19/05/2020,20,6,V,,,,,,,,,,,,
20/05/2020,26,440,V,,,,,,,,,,,,
21/05/2020,22,108,V,,,,,,,,,,,,
22/05/2020,19,854,V,,,,,,,,,,,,
23/05/2020,18,924,V,,,,,,,,,,,,
24/05/2020,17,699,V,,,,,,,,,,,,
25/05/2020,17,16,V,,,,,,,,,,,,
26/05/2020,16,298,V,,,,,,,,,,,,
27/05/2020,15,918,V,,,,,,,,,,,,
28/05/2020,15,274,V,,,,,,,,,,,,
29/05/2020,15,311,V,,,,,,,,,,,,
30/05/2020,15,47,V,,,,,,,,,,,,
31/05/2020,14,599,V,,,,,,,,,,,,
01/06/2020,14,234,V,,,,,,,,,,,,
02/06/2020,14,247,V,,,,,,,,,,,,
03/06/2020,14,152,V,,,,,,,,,,,,
04/06/2020,66,685,V,,,,,,,,,,,,
05/06/2020,101,573,V,,,,,,,,,,,,
06/06/2020,35,644,V,,,,,,,,,,,,
07/06/2020,23,665,V,,,,,,,,,,,,
08/06/2020,37,224,V,,,,,,,,,,,,
09/06/2020,26,767,V,,,,,,,,,,,,
10/06/2020,21,366,V,,,,,,,,,,,,
11/06/2020,20,250,V,,,,,,,,,,,,
12/06/2020,18,855,V,,,,,,,,,,,,
13/06/2020,21,937,V,,,,,,,,,,,,
14/06/2020,37,832,V,,,,,,,,,,,,
15/06/2020,24,97,V,,,,,,,,,,,,
16/06/2020,24,780,V,,,,,,,,,,,,
17/06/2020,24,436,V,,,,,,,,,,,,
18/06/2020,20,866,V,,,,,,,,,,,,
19/06/2020,19,280,V,,,,,,,,,,,,
20/06/2020,18,468,V,,,,,,,,,,,,
21/06/2020,,@,,,,,,,,,,,,,
22/06/2020,,@,,,,,,,,,,,,,
23/06/2020,16,722,V,,,,,,,,,,,,
24/06/2020,16,179,V,,,,,,,,,,,,
25/06/2020,,@,,,,,,,,,,,,,
26/06/2020,,@,,,,,,,,,,,,,
27/06/2020,,@,,,,,,,,,,,,,
28/06/2020,,@,,,,,,,,,,,,,
29/06/2020,,@,,,,,,,,,,,,,
30/06/2020,,@,,,,,,,,,,,,,
01/07/2020,,@,,,,,,,,,,,,,
02/07/2020,,@,,,,,,,,,,,,,
03/07/2020,,@,,,,,,,,,,,,,
04/07/2020,,@,,,,,,,,,,,,,
05/07/2020,,@,,,,,,,,,,,,,
06/07/2020,,@,,,,,,,,,,,,,
07/07/2020,,@,,,,,,,,,,,,,
08/07/2020,,@,,,,,,,,,,,,,
09/07/2020,,@,,,,,,,,,,,,,
10/07/2020,11,909,V,,,,,,,,,,,,
11/07/2020,11,865,V,,,,,,,,,,,,
12/07/2020,11,683,V,,,,,,,,,,,,
13/07/2020,11,320,V,,,,,,,,,,,,
14/07/2020,11,350,V,,,,,,,,,,,,
15/07/2020,11,458,V,,,,,,,,,,,,
16/07/2020,11,512,V,,,,,,,,,,,,
17/07/2020,11,449,V,,,,,,,,,,,,
18/07/2020,11,484,V,,,,,,,,,,,,
19/07/2020,11,177,V,,,,,,,,,,,,
20/07/2020,10,908,V,,,,,,,,,,,,
21/07/2020,10,673,V,,,,,,,,,,,,
22/07/2020,10,770,V,,,,,,,,,,,,
23/07/2020,10,613,V,,,,,,,,,,,,
24/07/2020,10,925,V,,,,,,,,,,,,
25/07/2020,10,940,V,,,,,,,,,,,,
26/07/2020,10,821,V,,,,,,,,,,,,
27/07/2020,10,557,V,,,,,,,,,,,,
28/07/2020,10,633,V,,,,,,,,,,,,
29/07/2020,10,518,V,,,,,,,,,,,,
30/07/2020,10,131,V,,,,,,,,,,,,
31/07/2020,10,623,V,,,,,,,,,,,,
01/08/2020,10,187,V,,,,,,,,,,,,
02/08/2020,9,919,V,,,,,,,,,,,,
03/08/2020,31,898,V,,,,,,,,,,,,
04/08/2020,25,414,V,,,,,,,,,,,,
05/08/2020,13,950,V,,,,,,,,,,,,
06/08/2020,12,364,V,,,,,,,,,,,,
07/08/2020,11,470,V,,,,,,,,,,,,
08/08/2020,11,69,V,,,,,,,,,,,,
09/08/2020,10,790,V,,,,,,,,,,,,
10/08/2020,10,464,V,,,,,,,,,,,,
11/08/2020,10,328,V,,,,,,,,,,,,
12/08/2020,10,51,V,,,,,,,,,,,,
13/08/2020,9,662,V,,,,,,,,,,,,
14/08/2020,9,573,V,,,,,,,,,,,,
15/08/2020,9,394,V,,,,,,,,,,,,
16/08/2020,9,370,V,,,,,,,,,,,,
17/08/2020,10,142,V,,,,,,,,,,,,
18/08/2020,10,435,V,,,,,,,,,,,,
19/08/2020,,@,,,,,,,,,,,,,
20/08/2020,9,435,V,,,,,,,,,,,,
21/08/2020,9,322,V,,,,,,,,,,,,
22/08/2020,9,198,V,,,,,,,,,,,,
23/08/2020,9,95,V,,,,,,,,,,,,
24/08/2020,9,6,V,,,,,,,,,,,,
25/08/2020,9,13,V,,,,,,,,,,,,
26/08/2020,8,873,V,,,,,,,,,,,,
27/08/2020,8,832,V,,,,,,,,,,,,
28/08/2020,8,791,V,,,,,,,,,,,,
29/08/2020,9,170,V,,,,,,,,,,,,
30/08/2020,37,154,V,,,,,,,,,,,,
31/08/2020,18,507,V,,,,,,,,,,,,
01/09/2020,15,2,V,,,,,,,,,,,,
02/09/2020,12,266,V,,,,,,,,,,,,
03/09/2020,11,146,V,,,,,,,,,,,,
04/09/2020,10,769,V,,,,,,,,,,,,
05/09/2020,10,435,V,,,,,,,,,,,,
06/09/2020,9,963,V,,,,,,,,,,,,
07/09/2020,9,883,V,,,,,,,,,,,,
08/09/2020,9,683,V,,,,,,,,,,,,
09/09/2020,9,544,V,,,,,,,,,,,,
10/09/2020,9,291,V,,,,,,,,,,,,
11/09/2020,9,427,V,,,,,,,,,,,,
12/09/2020,9,153,V,,,,,,,,,,,,
13/09/2020,8,939,V,,,,,,,,,,,,
14/09/2020,8,847,V,,,,,,,,,,,,
15/09/2020,8,803,V,,,,,,,,,,,,
16/09/2020,8,927,V,,,,,,,,,,,,
17/09/2020,8,728,V,,,,,,,,,,,,
18/09/2020,8,684,V,,,,,,,,,,,,
19/09/2020,8,426,V,,,,,,,,,,,,
20/09/2020,8,493,V,,,,,,,,,,,,
21/09/2020,8,579,V,,,,,,,,,,,,
22/09/2020,8,551,V,,,,,,,,,,,,
23/09/2020,8,925,V,,,,,,,,,,,,
24/09/2020,10,341,V,,,,,,,,,,,,
25/09/2020,21,195,V,,,,,,,,,,,,
26/09/2020,16,3,V,,,,,,,,,,,,
27/09/2020,13,231,V,,,,,,,,,,,,
28/09/2020,11,627,V,,,,,,,,,,,,
29/09/2020,10,447,V,,,,,,,,,,,,
30/09/2020,10,228,V,,,,,,,,,,,,
01/10/2020,10,142,V,,,,,,,,,,,,
02/10/2020,122,400,V,,,,,,,,,,,,
03/10/2020,164,865,V,,,,,,,,,,,,
04/10/2020,88,877,V,,,,,,,,,,,,
05/10/2020,80,388,V,,,,,,,,,,,,
06/10/2020,36,792,V,,,,,,,,,,,,
07/10/2020,33,884,V,,,,,,,,,,,,
08/10/2020,23,309,V,,,,,,,,,,,,
09/10/2020,20,480,V,,,,,,,,,,,,
10/10/2020,18,863,V,,,,,,,,,,,,
11/10/2020,122,917,V,,,,,,,,,,,,
12/10/2020,36,492,V,,,,,,,,,,,,
13/10/2020,23,227,V,,,,,,,,,,,,
14/10/2020,20,669,V,,,,,,,,,,,,
15/10/2020,22,131,V,,,,,,,,,,,,
16/10/2020,20,185,V,,,,,,,,,,,,
17/10/2020,18,619,V,,,,,,,,,,,,
18/10/2020,17,696,V,,,,,,,,,,,,
19/10/2020,16,621,V,,,,,,,,,,,,
20/10/2020,16,311,V,,,,,,,,,,,,
21/10/2020,15,988,V,,,,,,,,,,,,
22/10/2020,15,640,V,,,,,,,,,,,,
23/10/2020,16,869,V,,,,,,,,,,,,
24/10/2020,41,108,V,,,,,,,,,,,,
25/10/2020,20,184,V,,,,,,,,,,,,
26/10/2020,66,772,V,,,,,,,,,,,,
27/10/2020,123,164,V,,,,,,,,,,,,
28/10/2020,54,364,V,,,,,,,,,,,,
29/10/2020,35,920,V,,,,,,,,,,,,
30/10/2020,26,277,V,,,,,,,,,,,,
31/10/2020,22,720,V,,,,,,,,,,,,
01/11/2020,19,733,V,,,,,,,,,,,,
02/11/2020,18,646,V,,,,,,,,,,,,
03/11/2020,18,225,V,,,,,,,,,,,,
04/11/2020,17,714,V,,,,,,,,,,,,
05/11/2020,17,430,V,,,,,,,,,,,,
06/11/2020,16,342,V,,,,,,,,,,,,
07/11/2020,16,561,V,,,,,,,,,,,,
08/11/2020,16,76,V,,,,,,,,,,,,
09/11/2020,15,356,V,,,,,,,,,,,,
10/11/2020,15,393,V,,,,,,,,,,,,
11/11/2020,14,550,V,,,,,,,,,,,,
12/11/2020,14,67,V,,,,,,,,,,,,
13/11/2020,14,323,V,,,,,,,,,,,,
14/11/2020,14,187,V,,,,,,,,,,,,
15/11/2020,13,812,V,,,,,,,,,,,,
16/11/2020,17,540,V,,,,,,,,,,,,
17/11/2020,17,538,V,,,,,,,,,,,,
18/11/2020,15,901,V,,,,,,,,,,,,
19/11/2020,15,259,V,,,,,,,,,,,,
20/11/2020,16,95,V,,,,,,,,,,,,
21/11/2020,16,583,V,,,,,,,,,,,,
22/11/2020,15,667,V,,,,,,,,,,,,
23/11/2020,14,808,V,,,,,,,,,,,,
24/11/2020,14,430,V,,,,,,,,,,,,
25/11/2020,14,196,V,,,,,,,,,,,,
26/11/2020,13,850,V,,,,,,,,,,,,
27/11/2020,12,790,V,,,,,,,,,,,,
28/11/2020,11,789,V,,,,,,,,,,,,
29/11/2020,11,468,V,,,,,,,,,,,,
30/11/2020,11,146,V,,,,,,,,,,,,
01/12/2020,11,603,V,,,,,,,,,,,,
02/12/2020,13,105,V,,,,,,,,,,,,
03/12/2020,11,851,V,,,,,,,,,,,,
04/12/2020,92,264,V,,,,,,,,,,,,
05/12/2020,417,136,V,,,,,,,,,,,,
06/12/2020,294,228,V,,,,,,,,,,,,
07/12/2020,153,684,V,,,,,,,,,,,,
08/12/2020,186,808,V,,,,,,,,,,,,
09/12/2020,151,272,V,,,,,,,,,,,,
10/12/2020,95,335,V,,,,,,,,,,,,
11/12/2020,66,829,V,,,,,,,,,,,,
12/12/2020,53,104,V,,,,,,,,,,,,
13/12/2020,44,681,V,,,,,,,,,,,,
14/12/2020,36,247,V,,,,,,,,,,,,
15/12/2020,31,380,V,,,,,,,,,,,,
16/12/2020,28,975,V,,,,,,,,,,,,
17/12/2020,43,182,V,,,,,,,,,,,,
18/12/2020,59,817,V,,,,,,,,,,,,
19/12/2020,47,328,V,,,,,,,,,,,,
20/12/2020,46,541,V,,,,,,,,,,,,
21/12/2020,38,124,V,,,,,,,,,,,,
22/12/2020,32,928,V,,,,,,,,,,,,
23/12/2020,32,789,V,,,,,,,,,,,,
24/12/2020,149,326,V,,,,,,,,,,,,
25/12/2020,127,584,V,,,,,,,,,,,,
26/12/2020,77,671,V,,,,,,,,,,,,
27/12/2020,54,304,V,,,,,,,,,,,,
28/12/2020,231,75,V,,,,,,,,,,,,
29/12/2020,158,485,V,,,,,,,,,,,,
30/12/2020,131,750,V,,,,,,,,,,,,
31/12/2020,98,747,V,,,,,,,,,,,,
01/01/2021,181,364,,,,,,,,,,,,,
02/01/2021,180,432,P,,,,,,,,,,,,
03/01/2021,201,376,P,,,,,,,,,,,,
04/01/2021,139,46,P,,,,,,,,,,,,
05/01/2021,95,376,P,,,,,,,,,,,,
06/01/2021,89,62,P,,,,,,,,,,,,
07/01/2021,90,857,P,,,,,,,,,,,,
08/01/2021,67,485,P,,,,,,,,,,,,
09/01/2021,33,308,P,,,,,,,,,,,,
10/01/2021,42,163,P,,,,,,,,,,,,
11/01/2021,,@,,,,,,,,,,,,,
12/01/2021,30,15,P,,,,,,,,,,,,
13/01/2021,27,300,P,,,,,,,,,,,,
14/01/2021,25,364,P,,,,,,,,,,,,
15/01/2021,24,474,P,,,,,,,,,,,,
16/01/2021,,@,,,,,,,,,,,,,
17/01/2021,21,732,P,,,,,,,,,,,,
18/01/2021,,@,,,,,,,,,,,,,
19/01/2021,,@,,,,,,,,,,,,,
20/01/2021,39,532,P,,,,,,,,,,,,
21/01/2021,99,461,P,,,,,,,,,,,,
22/01/2021,483,114,P,,,,,,,,,,,,
23/01/2021,627,615,P,,,,,,,,,,,,
24/01/2021,229,255,P,,,,,,,,,,,,
25/01/2021,143,8,P,,,,,,,,,,,,
26/01/2021,95,505,P,,,,,,,,,,,,
27/01/2021,78,52,P,,,,,,,,,,,,
28/01/2021,71,629,P,,,,,,,,,,,,
29/01/2021,59,392,P,,,,,,,,,,,,
30/01/2021,48,666,P,,,,,,,,,,,,
31/01/2021,83,404,P,,,,,,,,,,,,
01/02/2021,57,932,P,,,,,,,,,,,,
02/02/2021,47,32,P,,,,,,,,,,,,
03/02/2021,48,412,P,,,,,,,,,,,,
04/02/2021,88,906,P,,,,,,,,,,,,
05/02/2021,70,592,P,,,,,,,,,,,,
06/02/2021,59,313,P,,,,,,,,,,,,
07/02/2021,58,83,P,,,,,,,,,,,,
08/02/2021,65,539,P,,,,,,,,,,,,
09/02/2021,135,610,P,,,,,,,,,,,,
10/02/2021,415,720,P,,,,,,,,,,,,
11/02/2021,187,856,P,,,,,,,,,,,,
12/02/2021,108,28,P,,,,,,,,,,,,
13/02/2021,78,531,P,,,,,,,,,,,,
14/02/2021,,@,,,,,,,,,,,,,
15/02/2021,,@,,,,,,,,,,,,,
16/02/2021,44,157,P,,,,,,,,,,,,
17/02/2021,53,547,P,,,,,,,,,,,,
18/02/2021,,@,,,,,,,,,,,,,
19/02/2021,42,777,,,,,,,,,,,,,
20/02/2021,38,345,P,,,,,,,,,,,,
21/02/2021,33,868,P,,,,,,,,,,,,
22/02/2021,32,213,P,,,,,,,,,,,,
23/02/2021,27,957,P,,,,,,,,,,,,
24/02/2021,27,40,P,,,,,,,,,,,,
25/02/2021,26,462,P,,,,,,,,,,,,
26/02/2021,25,809,P,,,,,,,,,,,,
27/02/2021,24,459,P,,,,,,,,,,,,
28/02/2021,22,783,P,,,,,,,,,,,,
01/03/2021,21,512,P,,,,,,,,,,,,
02/03/2021,21,405,P,,,,,,,,,,,,
03/03/2021,20,824,P,,,,,,,,,,,,
04/03/2021,20,23,P,,,,,,,,,,,,
05/03/2021,19,912,P,,,,,,,,,,,,
06/03/2021,18,964,P,,,,,,,,,,,,
07/03/2021,18,651,P,,,,,,,,,,,,
08/03/2021,18,406,P,,,,,,,,,,,,
09/03/2021,18,136,P,,,,,,,,,,,,
10/03/2021,17,646,P,,,,,,,,,,,,
11/03/2021,17,578,P,,,,,,,,,,,,
12/03/2021,25,746,P,,,,,,,,,,,,
13/03/2021,21,494,P,,,,,,,,,,,,
14/03/2021,19,683,P,,,,,,,,,,,,
15/03/2021,19,176,P,,,,,,,,,,,,
16/03/2021,18,169,P,,,,,,,,,,,,
17/03/2021,17,497,P,,,,,,,,,,,,
18/03/2021,17,164,P,,,,,,,,,,,,
19/03/2021,16,744,P,,,,,,,,,,,,
20/03/2021,16,436,P,,,,,,,,,,,,
21/03/2021,16,39,P,,,,,,,,,,,,
22/03/2021,15,698,P,,,,,,,,,,,,
23/03/2021,15,431,P,,,,,,,,,,,,
24/03/2021,15,342,P,,,,,,,,,,,,
25/03/2021,14,910,P,,,,,,,,,,,,
26/03/2021,14,771,P,,,,,,,,,,,,
27/03/2021,14,819,P,,,,,,,,,,,,
28/03/2021,14,715,P,,,,,,,,,,,,
29/03/2021,14,450,P,,,,,,,,,,,,
30/03/2021,14,758,P,,,,,,,,,,,,
31/03/2021,15,288,P,,,,,,,,,,,,
01/04/2021,15,423,P,,,,,,,,,,,,
02/04/2021,15,525,P,,,,,,,,,,,,
03/04/2021,15,383,P,,,,,,,,,,,,
04/04/2021,14,892,P,,,,,,,,,,,,
05/04/2021,14,389,P,,,,,,,,,,,,
06/04/2021,14,292,P,,,,,,,,,,,,
07/04/2021,13,824,P,,,,,,,,,,,,
08/04/2021,13,596,P,,,,,,,,,,,,
09/04/2021,13,260,P,,,,,,,,,,,,
10/04/2021,13,338,P,,,,,,,,,,,,
11/04/2021,150,663,P,,,,,,,,,,,,
12/04/2021,251,524,P,,,,,,,,,,,,
13/04/2021,132,282,P,,,,,,,,,,,,
14/04/2021,61,817,P,,,,,,,,,,,,
15/04/2021,41,991,P,,,,,,,,,,,,
16/04/2021,31,966,P,,,,,,,,,,,,
17/04/2021,24,947,P,,,,,,,,,,,,
18/04/2021,22,717,P,,,,,,,,,,,,
19/04/2021,20,805,P,,,,,,,,,,,,
20/04/2021,19,28,P,,,,,,,,,,,,
21/04/2021,18,306,P,,,,,,,,,,,,
22/04/2021,17,702,P,,,,,,,,,,,,
23/04/2021,17,298,P,,,,,,,,,,,,
24/04/2021,16,839,P,,,,,,,,,,,,
25/04/2021,17,2,P,,,,,,,,,,,,
26/04/2021,16,529,P,,,,,,,,,,,,
27/04/2021,16,428,P,,,,,,,,,,,,
28/04/2021,15,975,P,,,,,,,,,,,,
29/04/2021,18,234,P,,,,,,,,,,,,
30/04/2021,35,361,P,,,,,,,,,,,,
01/05/2021,22,639,P,,,,,,,,,,,,
02/05/2021,74,86,P,,,,,,,,,,,,
03/05/2021,34,886,P,,,,,,,,,,,,
04/05/2021,24,688,P,,,,,,,,,,,,
05/05/2021,21,651,P,,,,,,,,,,,,
06/05/2021,20,291,P,,,,,,,,,,,,
07/05/2021,22,958,P,,,,,,,,,,,,
08/05/2021,21,577,P,,,,,,,,,,,,
09/05/2021,19,495,P,,,,,,,,,,,,
10/05/2021,18,553,P,,,,,,,,,,,,
11/05/2021,31,546,P,,,,,,,,,,,,
12/05/2021,79,40,P,,,,,,,,,,,,
13/05/2021,37,299,P,,,,,,,,,,,,
14/05/2021,32,347,P,,,,,,,,,,,,
15/05/2021,31,769,P,,,,,,,,,,,,
16/05/2021,113,274,P,,,,,,,,,,,,
17/05/2021,88,66,P,,,,,,,,,,,,
18/05/2021,46,768,P,,,,,,,,,,,,
19/05/2021,42,786,P,,,,,,,,,,,,
20/05/2021,30,939,P,,,,,,,,,,,,
21/05/2021,25,80,P,,,,,,,,,,,,
22/05/2021,22,865,P,,,,,,,,,,,,
23/05/2021,20,830,P,,,,,,,,,,,,
24/05/2021,34,645,P,,,,,,,,,,,,
25/05/2021,39,903,P,,,,,,,,,,,,
26/05/2021,25,576,P,,,,,,,,,,,,
27/05/2021,21,998,P,,,,,,,,,,,,
28/05/2021,20,663,P,,,,,,,,,,,,
29/05/2021,19,508,P,,,,,,,,,,,,
30/05/2021,18,279,P,,,,,,,,,,,,
31/05/2021,17,471,P,,,,,,,,,,,,
01/06/2021,17,138,P,,,,,,,,,,,,
02/06/2021,16,515,P,,,,,,,,,,,,
03/06/2021,16,5,P,,,,,,,,,,,,
04/06/2021,15,386,P,,,,,,,,,,,,
05/06/2021,14,736,P,,,,,,,,,,,,
06/06/2021,14,399,P,,,,,,,,,,,,
07/06/2021,14,139,P,,,,,,,,,,,,
08/06/2021,14,402,P,,,,,,,,,,,,
09/06/2021,13,880,P,,,,,,,,,,,,
10/06/2021,13,383,P,,,,,,,,,,,,
11/06/2021,13,71,P,,,,,,,,,,,,
12/06/2021,12,887,P,,,,,,,,,,,,
13/06/2021,12,226,P,,,,,,,,,,,,
14/06/2021,12,143,P,,,,,,,,,,,,
15/06/2021,11,885,P,,,,,,,,,,,,
16/06/2021,11,549,P,,,,,,,,,,,,
17/06/2021,11,331,P,,,,,,,,,,,,
18/06/2021,11,45,P,,,,,,,,,,,,
19/06/2021,10,824,P,,,,,,,,,,,,
20/06/2021,10,729,P,,,,,,,,,,,,
21/06/2021,10,641,P,,,,,,,,,,,,
22/06/2021,10,422,P,,,,,,,,,,,,
23/06/2021,10,114,P,,,,,,,,,,,,
24/06/2021,9,886,P,,,,,,,,,,,,
25/06/2021,9,542,P,,,,,,,,,,,,
26/06/2021,9,591,P,,,,,,,,,,,,
27/06/2021,9,519,P,,,,,,,,,,,,
28/06/2021,9,278,P,,,,,,,,,,,,
29/06/2021,8,490,P,,,,,,,,,,,,
30/06/2021,7,400,P,,,,,,,,,,,,
01/01/2024,52,475,,,,,,,,,,,,,
02/01/2024,21,730,P,,,,,,,,,,,,
03/01/2024,40,548,P,,,,,,,,,,,,
04/01/2024,25,14,P,,,,,,,,,,,,
05/01/2024,42,904,P,,,,,,,,,,,,
06/01/2024,245,152,P,,,,,,,,,,,,
07/01/2024,76,348,P,,,,,,,,,,,,
08/01/2024,47,135,P,,,,,,,,,,,,
09/01/2024,28,24,P,,,,,,,,,,,,
10/01/2024,21,90,P,,,,,,,,,,,,
11/01/2024,18,274,P,,,,,,,,,,,,
12/01/2024,16,466,P,,,,,,,,,,,,
13/01/2024,15,251,P,,,,,,,,,,,,
14/01/2024,14,440,P,,,,,,,,,,,,
15/01/2024,14,158,P,,,,,,,,,,,,
16/01/2024,13,835,P,,,,,,,,,,,,
17/01/2024,24,760,P,,,,,,,,,,,,
18/01/2024,121,138,P,,,,,,,,,,,,
19/01/2024,52,127,P,,,,,,,,,,,,
20/01/2024,28,203,P,,,,,,,,,,,,
21/01/2024,20,145,P,,,,,,,,,,,,
22/01/2024,18,174,P,,,,,,,,,,,,
23/01/2024,17,820,P,,,,,,,,,,,,
24/01/2024,16,561,P,,,,,,,,,,,,
25/01/2024,15,739,P,,,,,,,,,,,,
26/01/2024,15,200,P,,,,,,,,,,,,
27/01/2024,14,446,P,,,,,,,,,,,,
28/01/2024,14,72,P,,,,,,,,,,,,
29/01/2024,13,805,P,,,,,,,,,,,,
30/01/2024,13,526,P,,,,,,,,,,,,
31/01/2024,13,273,P,,,,,,,,,,,,
